{"attempt":1,"error":"Could not connect to any servers in your MongoDB Atlas cluster. One common reason is that you're trying to access the database from an IP that isn't whitelisted. Make sure your current IP address is on your Atlas cluster's IP whitelist: https://www.mongodb.com/docs/atlas/security-whitelist/","level":"\u001b[31merror\u001b[39m","message":"\u001b[31mFailed to connect to MongoDB\u001b[39m","timestamp":"2026-01-08 16:10:59:1059","url":"mongodb+srv://***:***@ai-sikshak.6rlnkol.mongodb.net/?appName=AI-Sikshak"}
{"attempt":2,"error":"Could not connect to any servers in your MongoDB Atlas cluster. One common reason is that you're trying to access the database from an IP that isn't whitelisted. Make sure your current IP address is on your Atlas cluster's IP whitelist: https://www.mongodb.com/docs/atlas/security-whitelist/","level":"\u001b[31merror\u001b[39m","message":"\u001b[31mFailed to connect to MongoDB\u001b[39m","timestamp":"2026-01-08 16:11:09:119","url":"mongodb+srv://***:***@ai-sikshak.6rlnkol.mongodb.net/?appName=AI-Sikshak"}
{"attempt":1,"error":"Could not connect to any servers in your MongoDB Atlas cluster. One common reason is that you're trying to access the database from an IP that isn't whitelisted. Make sure your current IP address is on your Atlas cluster's IP whitelist: https://www.mongodb.com/docs/atlas/security-whitelist/","level":"\u001b[31merror\u001b[39m","message":"\u001b[31mFailed to connect to MongoDB\u001b[39m","timestamp":"2026-01-08 16:11:37:1137","url":"mongodb+srv://***:***@ai-sikshak.6rlnkol.mongodb.net/?appName=AI-Sikshak"}
{"attempt":1,"error":"Could not connect to any servers in your MongoDB Atlas cluster. One common reason is that you're trying to access the database from an IP that isn't whitelisted. Make sure your current IP address is on your Atlas cluster's IP whitelist: https://www.mongodb.com/docs/atlas/security-whitelist/","level":"\u001b[31merror\u001b[39m","message":"\u001b[31mFailed to connect to MongoDB\u001b[39m","timestamp":"2026-01-08 16:14:31:1431","url":"mongodb+srv://***:***@ai-sikshak.6rlnkol.mongodb.net/"}
{"attempt":2,"error":"Could not connect to any servers in your MongoDB Atlas cluster. One common reason is that you're trying to access the database from an IP that isn't whitelisted. Make sure your current IP address is on your Atlas cluster's IP whitelist: https://www.mongodb.com/docs/atlas/security-whitelist/","level":"\u001b[31merror\u001b[39m","message":"\u001b[31mFailed to connect to MongoDB\u001b[39m","timestamp":"2026-01-08 16:14:41:1441","url":"mongodb+srv://***:***@ai-sikshak.6rlnkol.mongodb.net/"}
{"attempt":3,"error":"Could not connect to any servers in your MongoDB Atlas cluster. One common reason is that you're trying to access the database from an IP that isn't whitelisted. Make sure your current IP address is on your Atlas cluster's IP whitelist: https://www.mongodb.com/docs/atlas/security-whitelist/","level":"\u001b[31merror\u001b[39m","message":"\u001b[31mFailed to connect to MongoDB\u001b[39m","timestamp":"2026-01-08 16:14:56:1456","url":"mongodb+srv://***:***@ai-sikshak.6rlnkol.mongodb.net/"}
{"attempt":1,"error":"Could not connect to any servers in your MongoDB Atlas cluster. One common reason is that you're trying to access the database from an IP that isn't whitelisted. Make sure your current IP address is on your Atlas cluster's IP whitelist: https://www.mongodb.com/docs/atlas/security-whitelist/","level":"\u001b[31merror\u001b[39m","message":"\u001b[31mFailed to connect to MongoDB\u001b[39m","timestamp":"2026-01-08 16:15:31:1531","url":"mongodb+srv://***:***@ai-sikshak.6rlnkol.mongodb.net/"}
{"attempt":2,"error":"Could not connect to any servers in your MongoDB Atlas cluster. One common reason is that you're trying to access the database from an IP that isn't whitelisted. Make sure your current IP address is on your Atlas cluster's IP whitelist: https://www.mongodb.com/docs/atlas/security-whitelist/","level":"\u001b[31merror\u001b[39m","message":"\u001b[31mFailed to connect to MongoDB\u001b[39m","timestamp":"2026-01-08 16:15:41:1541","url":"mongodb+srv://***:***@ai-sikshak.6rlnkol.mongodb.net/"}
{"attempt":1,"error":"Could not connect to any servers in your MongoDB Atlas cluster. One common reason is that you're trying to access the database from an IP that isn't whitelisted. Make sure your current IP address is on your Atlas cluster's IP whitelist: https://www.mongodb.com/docs/atlas/security-whitelist/","level":"\u001b[31merror\u001b[39m","message":"\u001b[31mFailed to connect to MongoDB\u001b[39m","timestamp":"2026-01-08 16:19:34:1934","url":"mongodb+srv://***:***@ai-sikshak.6rlnkol.mongodb.net/"}
{"attempt":1,"error":"Could not connect to any servers in your MongoDB Atlas cluster. One common reason is that you're trying to access the database from an IP that isn't whitelisted. Make sure your current IP address is on your Atlas cluster's IP whitelist: https://www.mongodb.com/docs/atlas/security-whitelist/","level":"\u001b[31merror\u001b[39m","message":"\u001b[31mFailed to connect to MongoDB\u001b[39m","timestamp":"2026-01-08 16:19:53:1953","url":"mongodb+srv://***:***@ai-sikshak.6rlnkol.mongodb.net/"}
{"email":"dhanushperumalla2@gmail.com","error":"User validation failed: role: `user` is not a valid enum value for path `role`.","level":"\u001b[31merror\u001b[39m","message":"\u001b[31mLogin failed\u001b[39m","timestamp":"2026-01-08 16:31:31:3131"}
{"email":"dhanushperumalla2@gmail.com","error":"An account with this email address already exists","level":"\u001b[31merror\u001b[39m","message":"\u001b[31mRegistration controller error\u001b[39m","requestId":"req_1767870112203_b7wwgfwc5","stack":"Error: An account with this email address already exists\n    at AuthService.createAuthError (D:\\dynamous-kiro-hackathon\\backend\\src\\services\\authService.ts:748:33)\n    at AuthService.register (D:\\dynamous-kiro-hackathon\\backend\\src\\services\\authService.ts:27:20)\n    at processTicksAndRejections (node:internal/process/task_queues:105:5)\n    at async register (D:\\dynamous-kiro-hackathon\\backend\\src\\controllers\\authController.ts:25:20)","timestamp":"2026-01-08 16:31:52:3152","type":"EMAIL_ALREADY_EXISTS"}
{"error":"Invalid or expired refresh token","level":"\u001b[31merror\u001b[39m","message":"\u001b[31mToken refresh failed\u001b[39m","timestamp":"2026-01-08 16:38:20:3820"}
{"error":"Invalid or expired refresh token","level":"\u001b[31merror\u001b[39m","message":"\u001b[31mToken refresh failed\u001b[39m","timestamp":"2026-01-08 16:38:20:3820"}
{"error":"Invalid or expired refresh token","level":"\u001b[31merror\u001b[39m","message":"\u001b[31mToken refresh failed\u001b[39m","timestamp":"2026-01-08 16:38:20:3820"}
{"error":"Invalid or expired refresh token","level":"\u001b[31merror\u001b[39m","message":"\u001b[31mToken refresh failed\u001b[39m","timestamp":"2026-01-08 16:38:20:3820"}
{"error":"Invalid or expired refresh token","level":"\u001b[31merror\u001b[39m","message":"\u001b[31mToken refresh failed\u001b[39m","timestamp":"2026-01-08 16:38:20:3820"}
{"error":"Invalid or expired refresh token","level":"\u001b[31merror\u001b[39m","message":"\u001b[31mToken refresh failed\u001b[39m","timestamp":"2026-01-08 16:38:20:3820"}
{"error":"Invalid or expired refresh token","level":"\u001b[31merror\u001b[39m","message":"\u001b[31mToken refresh failed\u001b[39m","timestamp":"2026-01-08 16:38:20:3820"}
{"error":"Invalid or expired refresh token","level":"\u001b[31merror\u001b[39m","message":"\u001b[31mToken refresh failed\u001b[39m","timestamp":"2026-01-08 16:38:20:3820"}
{"error":"Invalid or expired refresh token","level":"\u001b[31merror\u001b[39m","message":"\u001b[31mToken refresh failed\u001b[39m","timestamp":"2026-01-08 16:38:20:3820"}
{"email":"dhanushperumalla2@gmail.com","error":"Cannot call `users.findOne()` before initial connection is complete if `bufferCommands = false`. Make sure you `await mongoose.connect()` if you have `bufferCommands = false`.","level":"\u001b[31merror\u001b[39m","message":"\u001b[31mLogin failed\u001b[39m","timestamp":"2026-01-08 16:54:55:5455"}
{"attempt":1,"error":"Could not connect to any servers in your MongoDB Atlas cluster. One common reason is that you're trying to access the database from an IP that isn't whitelisted. Make sure your current IP address is on your Atlas cluster's IP whitelist: https://www.mongodb.com/docs/atlas/security-whitelist/","level":"\u001b[31merror\u001b[39m","message":"\u001b[31mFailed to connect to MongoDB\u001b[39m","timestamp":"2026-01-08 18:31:55:3155","url":"mongodb+srv://***:***@ai-sikshak.6rlnkol.mongodb.net/"}
{"attempt":1,"error":"Could not connect to any servers in your MongoDB Atlas cluster. One common reason is that you're trying to access the database from an IP that isn't whitelisted. Make sure your current IP address is on your Atlas cluster's IP whitelist: https://www.mongodb.com/docs/atlas/security-whitelist/","level":"\u001b[31merror\u001b[39m","message":"\u001b[31mFailed to connect to MongoDB\u001b[39m","timestamp":"2026-01-08 18:32:13:3213","url":"mongodb+srv://***:***@ai-sikshak.6rlnkol.mongodb.net/"}
{"attempt":1,"error":"Could not connect to any servers in your MongoDB Atlas cluster. One common reason is that you're trying to access the database from an IP that isn't whitelisted. Make sure your current IP address is on your Atlas cluster's IP whitelist: https://www.mongodb.com/docs/atlas/security-whitelist/","level":"\u001b[31merror\u001b[39m","message":"\u001b[31mFailed to connect to MongoDB\u001b[39m","timestamp":"2026-01-08 18:32:25:3225","url":"mongodb+srv://***:***@ai-sikshak.6rlnkol.mongodb.net/"}
{"attempt":1,"error":"Could not connect to any servers in your MongoDB Atlas cluster. One common reason is that you're trying to access the database from an IP that isn't whitelisted. Make sure your current IP address is on your Atlas cluster's IP whitelist: https://www.mongodb.com/docs/atlas/security-whitelist/","level":"\u001b[31merror\u001b[39m","message":"\u001b[31mFailed to connect to MongoDB\u001b[39m","timestamp":"2026-01-08 18:32:45:3245","url":"mongodb+srv://***:***@ai-sikshak.6rlnkol.mongodb.net/"}
{"attempt":2,"error":"Could not connect to any servers in your MongoDB Atlas cluster. One common reason is that you're trying to access the database from an IP that isn't whitelisted. Make sure your current IP address is on your Atlas cluster's IP whitelist: https://www.mongodb.com/docs/atlas/security-whitelist/","level":"\u001b[31merror\u001b[39m","message":"\u001b[31mFailed to connect to MongoDB\u001b[39m","timestamp":"2026-01-08 18:32:55:3255","url":"mongodb+srv://***:***@ai-sikshak.6rlnkol.mongodb.net/"}
{"attempt":3,"error":"Could not connect to any servers in your MongoDB Atlas cluster. One common reason is that you're trying to access the database from an IP that isn't whitelisted. Make sure your current IP address is on your Atlas cluster's IP whitelist: https://www.mongodb.com/docs/atlas/security-whitelist/","level":"\u001b[31merror\u001b[39m","message":"\u001b[31mFailed to connect to MongoDB\u001b[39m","timestamp":"2026-01-08 18:33:10:3310","url":"mongodb+srv://***:***@ai-sikshak.6rlnkol.mongodb.net/"}
{"attempt":1,"error":"Could not connect to any servers in your MongoDB Atlas cluster. One common reason is that you're trying to access the database from an IP that isn't whitelisted. Make sure your current IP address is on your Atlas cluster's IP whitelist: https://www.mongodb.com/docs/atlas/security-whitelist/","level":"\u001b[31merror\u001b[39m","message":"\u001b[31mFailed to connect to MongoDB\u001b[39m","timestamp":"2026-01-08 18:33:28:3328","url":"mongodb+srv://***:***@ai-sikshak.6rlnkol.mongodb.net/"}
{"attempt":2,"error":"Could not connect to any servers in your MongoDB Atlas cluster. One common reason is that you're trying to access the database from an IP that isn't whitelisted. Make sure your current IP address is on your Atlas cluster's IP whitelist: https://www.mongodb.com/docs/atlas/security-whitelist/","level":"\u001b[31merror\u001b[39m","message":"\u001b[31mFailed to connect to MongoDB\u001b[39m","timestamp":"2026-01-08 18:33:38:3338","url":"mongodb+srv://***:***@ai-sikshak.6rlnkol.mongodb.net/"}
{"attempt":3,"error":"Could not connect to any servers in your MongoDB Atlas cluster. One common reason is that you're trying to access the database from an IP that isn't whitelisted. Make sure your current IP address is on your Atlas cluster's IP whitelist: https://www.mongodb.com/docs/atlas/security-whitelist/","level":"\u001b[31merror\u001b[39m","message":"\u001b[31mFailed to connect to MongoDB\u001b[39m","timestamp":"2026-01-08 18:33:53:3353","url":"mongodb+srv://***:***@ai-sikshak.6rlnkol.mongodb.net/"}
{"attempt":4,"error":"Could not connect to any servers in your MongoDB Atlas cluster. One common reason is that you're trying to access the database from an IP that isn't whitelisted. Make sure your current IP address is on your Atlas cluster's IP whitelist: https://www.mongodb.com/docs/atlas/security-whitelist/","level":"\u001b[31merror\u001b[39m","message":"\u001b[31mFailed to connect to MongoDB\u001b[39m","timestamp":"2026-01-08 18:34:18:3418","url":"mongodb+srv://***:***@ai-sikshak.6rlnkol.mongodb.net/"}
{"attempt":5,"error":"Could not connect to any servers in your MongoDB Atlas cluster. One common reason is that you're trying to access the database from an IP that isn't whitelisted. Make sure your current IP address is on your Atlas cluster's IP whitelist: https://www.mongodb.com/docs/atlas/security-whitelist/","level":"\u001b[31merror\u001b[39m","message":"\u001b[31mFailed to connect to MongoDB\u001b[39m","timestamp":"2026-01-08 18:35:03:353","url":"mongodb+srv://***:***@ai-sikshak.6rlnkol.mongodb.net/"}
{"email":"perumalladhanush102@gmail.com","error":"Cannot call `users.findOne()` before initial connection is complete if `bufferCommands = false`. Make sure you `await mongoose.connect()` if you have `bufferCommands = false`.","level":"\u001b[31merror\u001b[39m","message":"\u001b[31mLogin failed\u001b[39m","timestamp":"2026-01-08 18:35:31:3531"}
{"attempt":1,"error":"Could not connect to any servers in your MongoDB Atlas cluster. One common reason is that you're trying to access the database from an IP that isn't whitelisted. Make sure your current IP address is on your Atlas cluster's IP whitelist: https://www.mongodb.com/docs/atlas/security-whitelist/","level":"\u001b[31merror\u001b[39m","message":"\u001b[31mFailed to connect to MongoDB\u001b[39m","timestamp":"2026-01-08 18:36:15:3615","url":"mongodb+srv://***:***@ai-sikshak.6rlnkol.mongodb.net/"}
{"attempt":2,"error":"Could not connect to any servers in your MongoDB Atlas cluster. One common reason is that you're trying to access the database from an IP that isn't whitelisted. Make sure your current IP address is on your Atlas cluster's IP whitelist: https://www.mongodb.com/docs/atlas/security-whitelist/","level":"\u001b[31merror\u001b[39m","message":"\u001b[31mFailed to connect to MongoDB\u001b[39m","timestamp":"2026-01-08 18:36:25:3625","url":"mongodb+srv://***:***@ai-sikshak.6rlnkol.mongodb.net/"}
{"attempt":3,"error":"Could not connect to any servers in your MongoDB Atlas cluster. One common reason is that you're trying to access the database from an IP that isn't whitelisted. Make sure your current IP address is on your Atlas cluster's IP whitelist: https://www.mongodb.com/docs/atlas/security-whitelist/","level":"\u001b[31merror\u001b[39m","message":"\u001b[31mFailed to connect to MongoDB\u001b[39m","timestamp":"2026-01-08 18:36:40:3640","url":"mongodb+srv://***:***@ai-sikshak.6rlnkol.mongodb.net/"}
{"attempt":4,"error":"Could not connect to any servers in your MongoDB Atlas cluster. One common reason is that you're trying to access the database from an IP that isn't whitelisted. Make sure your current IP address is on your Atlas cluster's IP whitelist: https://www.mongodb.com/docs/atlas/security-whitelist/","level":"\u001b[31merror\u001b[39m","message":"\u001b[31mFailed to connect to MongoDB\u001b[39m","timestamp":"2026-01-08 18:37:05:375","url":"mongodb+srv://***:***@ai-sikshak.6rlnkol.mongodb.net/"}
{"attempt":5,"error":"Could not connect to any servers in your MongoDB Atlas cluster. One common reason is that you're trying to access the database from an IP that isn't whitelisted. Make sure your current IP address is on your Atlas cluster's IP whitelist: https://www.mongodb.com/docs/atlas/security-whitelist/","level":"\u001b[31merror\u001b[39m","message":"\u001b[31mFailed to connect to MongoDB\u001b[39m","timestamp":"2026-01-08 18:37:50:3750","url":"mongodb+srv://***:***@ai-sikshak.6rlnkol.mongodb.net/"}
{"attempt":1,"error":"Could not connect to any servers in your MongoDB Atlas cluster. One common reason is that you're trying to access the database from an IP that isn't whitelisted. Make sure your current IP address is on your Atlas cluster's IP whitelist: https://www.mongodb.com/docs/atlas/security-whitelist/","level":"\u001b[31merror\u001b[39m","message":"\u001b[31mFailed to connect to MongoDB\u001b[39m","timestamp":"2026-01-08 18:38:25:3825","url":"mongodb+srv://***:***@ai-sikshak.6rlnkol.mongodb.net/"}
{"attempt":1,"error":"Could not connect to any servers in your MongoDB Atlas cluster. One common reason is that you're trying to access the database from an IP that isn't whitelisted. Make sure your current IP address is on your Atlas cluster's IP whitelist: https://www.mongodb.com/docs/atlas/security-whitelist/","level":"\u001b[31merror\u001b[39m","message":"\u001b[31mFailed to connect to MongoDB\u001b[39m","timestamp":"2026-01-08 18:38:39:3839","url":"mongodb+srv://***:***@ai-sikshak.6rlnkol.mongodb.net/"}
{"attempt":2,"error":"Could not connect to any servers in your MongoDB Atlas cluster. One common reason is that you're trying to access the database from an IP that isn't whitelisted. Make sure your current IP address is on your Atlas cluster's IP whitelist: https://www.mongodb.com/docs/atlas/security-whitelist/","level":"\u001b[31merror\u001b[39m","message":"\u001b[31mFailed to connect to MongoDB\u001b[39m","timestamp":"2026-01-08 18:38:49:3849","url":"mongodb+srv://***:***@ai-sikshak.6rlnkol.mongodb.net/"}
{"attempt":1,"error":"Could not connect to any servers in your MongoDB Atlas cluster. One common reason is that you're trying to access the database from an IP that isn't whitelisted. Make sure your current IP address is on your Atlas cluster's IP whitelist: https://www.mongodb.com/docs/atlas/security-whitelist/","level":"\u001b[31merror\u001b[39m","message":"\u001b[31mFailed to connect to MongoDB\u001b[39m","timestamp":"2026-01-08 18:39:16:3916","url":"mongodb+srv://***:***@ai-sikshak.6rlnkol.mongodb.net/"}
{"attempt":1,"error":"Could not connect to any servers in your MongoDB Atlas cluster. One common reason is that you're trying to access the database from an IP that isn't whitelisted. Make sure your current IP address is on your Atlas cluster's IP whitelist: https://www.mongodb.com/docs/atlas/security-whitelist/","level":"\u001b[31merror\u001b[39m","message":"\u001b[31mFailed to connect to MongoDB\u001b[39m","timestamp":"2026-01-08 18:39:35:3935","url":"mongodb+srv://***:***@ai-sikshak.6rlnkol.mongodb.net/"}
{"attempt":1,"error":"Could not connect to any servers in your MongoDB Atlas cluster. One common reason is that you're trying to access the database from an IP that isn't whitelisted. Make sure your current IP address is on your Atlas cluster's IP whitelist: https://www.mongodb.com/docs/atlas/security-whitelist/","level":"\u001b[31merror\u001b[39m","message":"\u001b[31mFailed to connect to MongoDB\u001b[39m","timestamp":"2026-01-08 18:39:47:3947","url":"mongodb+srv://***:***@ai-sikshak.6rlnkol.mongodb.net/"}
{"attempt":2,"error":"Could not connect to any servers in your MongoDB Atlas cluster. One common reason is that you're trying to access the database from an IP that isn't whitelisted. Make sure your current IP address is on your Atlas cluster's IP whitelist: https://www.mongodb.com/docs/atlas/security-whitelist/","level":"\u001b[31merror\u001b[39m","message":"\u001b[31mFailed to connect to MongoDB\u001b[39m","timestamp":"2026-01-08 18:39:57:3957","url":"mongodb+srv://***:***@ai-sikshak.6rlnkol.mongodb.net/"}
{"attempt":3,"error":"Could not connect to any servers in your MongoDB Atlas cluster. One common reason is that you're trying to access the database from an IP that isn't whitelisted. Make sure your current IP address is on your Atlas cluster's IP whitelist: https://www.mongodb.com/docs/atlas/security-whitelist/","level":"\u001b[31merror\u001b[39m","message":"\u001b[31mFailed to connect to MongoDB\u001b[39m","timestamp":"2026-01-08 18:40:12:4012","url":"mongodb+srv://***:***@ai-sikshak.6rlnkol.mongodb.net/"}
{"attempt":1,"error":"Could not connect to any servers in your MongoDB Atlas cluster. One common reason is that you're trying to access the database from an IP that isn't whitelisted. Make sure your current IP address is on your Atlas cluster's IP whitelist: https://www.mongodb.com/docs/atlas/security-whitelist/","level":"\u001b[31merror\u001b[39m","message":"\u001b[31mFailed to connect to MongoDB\u001b[39m","timestamp":"2026-01-08 18:40:41:4041","url":"mongodb+srv://***:***@ai-sikshak.6rlnkol.mongodb.net/"}
{"attempt":2,"error":"Could not connect to any servers in your MongoDB Atlas cluster. One common reason is that you're trying to access the database from an IP that isn't whitelisted. Make sure your current IP address is on your Atlas cluster's IP whitelist: https://www.mongodb.com/docs/atlas/security-whitelist/","level":"\u001b[31merror\u001b[39m","message":"\u001b[31mFailed to connect to MongoDB\u001b[39m","timestamp":"2026-01-08 18:40:51:4051","url":"mongodb+srv://***:***@ai-sikshak.6rlnkol.mongodb.net/"}
{"email":"perumalladhanush102@gmail.com","error":"Cannot call `users.findOne()` before initial connection is complete if `bufferCommands = false`. Make sure you `await mongoose.connect()` if you have `bufferCommands = false`.","level":"\u001b[31merror\u001b[39m","message":"\u001b[31mLogin failed\u001b[39m","timestamp":"2026-01-08 18:41:05:415"}
{"attempt":3,"error":"Could not connect to any servers in your MongoDB Atlas cluster. One common reason is that you're trying to access the database from an IP that isn't whitelisted. Make sure your current IP address is on your Atlas cluster's IP whitelist: https://www.mongodb.com/docs/atlas/security-whitelist/","level":"\u001b[31merror\u001b[39m","message":"\u001b[31mFailed to connect to MongoDB\u001b[39m","timestamp":"2026-01-08 18:41:06:416","url":"mongodb+srv://***:***@ai-sikshak.6rlnkol.mongodb.net/"}
{"attempt":4,"error":"Could not connect to any servers in your MongoDB Atlas cluster. One common reason is that you're trying to access the database from an IP that isn't whitelisted. Make sure your current IP address is on your Atlas cluster's IP whitelist: https://www.mongodb.com/docs/atlas/security-whitelist/","level":"\u001b[31merror\u001b[39m","message":"\u001b[31mFailed to connect to MongoDB\u001b[39m","timestamp":"2026-01-08 18:41:31:4131","url":"mongodb+srv://***:***@ai-sikshak.6rlnkol.mongodb.net/"}
{"email":"perumalladhanush102@gmail.com","error":"Cannot call `users.findOne()` before initial connection is complete if `bufferCommands = false`. Make sure you `await mongoose.connect()` if you have `bufferCommands = false`.","level":"\u001b[31merror\u001b[39m","message":"\u001b[31mRegistration failed\u001b[39m","stack":"MongooseError: Cannot call `users.findOne()` before initial connection is complete if `bufferCommands = false`. Make sure you `await mongoose.connect()` if you have `bufferCommands = false`.\n    at NativeCollection.<computed> [as findOne] (D:\\dynamous-kiro-hackathon\\backend\\node_modules\\mongoose\\lib\\drivers\\node-mongodb-native\\collection.js:235:15)\n    at model.Query._findOne (D:\\dynamous-kiro-hackathon\\backend\\node_modules\\mongoose\\lib\\query.js:2548:49)\n    at model.Query.exec (D:\\dynamous-kiro-hackathon\\backend\\node_modules\\mongoose\\lib\\query.js:4447:28)\n    at processTicksAndRejections (node:internal/process/task_queues:105:5)\n    at async AuthService.register (D:\\dynamous-kiro-hackathon\\backend\\src\\services\\authService.ts:25:28)\n    at async register (D:\\dynamous-kiro-hackathon\\backend\\src\\controllers\\authController.ts:25:20)","timestamp":"2026-01-08 18:41:38:4138"}
{"email":"perumalladhanush102@gmail.com","error":"Registration failed due to server error","level":"\u001b[31merror\u001b[39m","message":"\u001b[31mRegistration controller error\u001b[39m","requestId":"req_1767877898131_nlcileybg","stack":"Error: Registration failed due to server error\n    at AuthService.createAuthError (D:\\dynamous-kiro-hackathon\\backend\\src\\services\\authService.ts:748:33)\n    at AuthService.register (D:\\dynamous-kiro-hackathon\\backend\\src\\services\\authService.ts:146:18)\n    at processTicksAndRejections (node:internal/process/task_queues:105:5)\n    at async register (D:\\dynamous-kiro-hackathon\\backend\\src\\controllers\\authController.ts:25:20)","timestamp":"2026-01-08 18:41:38:4138","type":"OAUTH_ERROR"}
{"attempt":5,"error":"Could not connect to any servers in your MongoDB Atlas cluster. One common reason is that you're trying to access the database from an IP that isn't whitelisted. Make sure your current IP address is on your Atlas cluster's IP whitelist: https://www.mongodb.com/docs/atlas/security-whitelist/","level":"\u001b[31merror\u001b[39m","message":"\u001b[31mFailed to connect to MongoDB\u001b[39m","timestamp":"2026-01-08 18:42:16:4216","url":"mongodb+srv://***:***@ai-sikshak.6rlnkol.mongodb.net/"}
{"error":"Invalid or expired refresh token","level":"\u001b[31merror\u001b[39m","message":"\u001b[31mToken refresh failed\u001b[39m","timestamp":"2026-01-08 18:50:51:5051"}
{"error":"Invalid or expired refresh token","level":"\u001b[31merror\u001b[39m","message":"\u001b[31mToken refresh failed\u001b[39m","timestamp":"2026-01-08 18:50:51:5051"}
{"error":"Invalid or expired refresh token","level":"\u001b[31merror\u001b[39m","message":"\u001b[31mToken refresh failed\u001b[39m","timestamp":"2026-01-08 18:50:51:5051"}
{"error":"Invalid or expired refresh token","level":"\u001b[31merror\u001b[39m","message":"\u001b[31mToken refresh failed\u001b[39m","timestamp":"2026-01-08 18:50:51:5051"}
{"error":"Invalid or expired refresh token","level":"\u001b[31merror\u001b[39m","message":"\u001b[31mToken refresh failed\u001b[39m","timestamp":"2026-01-08 18:50:51:5051"}
{"error":"Invalid or expired refresh token","level":"\u001b[31merror\u001b[39m","message":"\u001b[31mToken refresh failed\u001b[39m","timestamp":"2026-01-08 18:50:51:5051"}
{"error":"Invalid or expired refresh token","level":"\u001b[31merror\u001b[39m","message":"\u001b[31mToken refresh failed\u001b[39m","timestamp":"2026-01-08 18:50:52:5052"}
{"error":"Invalid or expired refresh token","level":"\u001b[31merror\u001b[39m","message":"\u001b[31mToken refresh failed\u001b[39m","timestamp":"2026-01-08 18:50:52:5052"}
{"error":"Invalid or expired refresh token","level":"\u001b[31merror\u001b[39m","message":"\u001b[31mToken refresh failed\u001b[39m","timestamp":"2026-01-08 18:50:52:5052"}
{"error":"Invalid or expired refresh token","level":"\u001b[31merror\u001b[39m","message":"\u001b[31mToken refresh failed\u001b[39m","timestamp":"2026-01-08 18:50:52:5052"}
{"error":"Invalid or expired refresh token","level":"\u001b[31merror\u001b[39m","message":"\u001b[31mToken refresh failed\u001b[39m","timestamp":"2026-01-08 18:56:08:568"}
{"error":"Invalid or expired refresh token","level":"\u001b[31merror\u001b[39m","message":"\u001b[31mToken refresh failed\u001b[39m","timestamp":"2026-01-08 18:56:08:568"}
{"error":"Invalid or expired refresh token","level":"\u001b[31merror\u001b[39m","message":"\u001b[31mToken refresh failed\u001b[39m","timestamp":"2026-01-08 18:56:08:568"}
{"error":"Invalid or expired refresh token","level":"\u001b[31merror\u001b[39m","message":"\u001b[31mToken refresh failed\u001b[39m","timestamp":"2026-01-08 18:56:08:568"}
{"error":"Invalid or expired refresh token","level":"\u001b[31merror\u001b[39m","message":"\u001b[31mToken refresh failed\u001b[39m","timestamp":"2026-01-08 18:56:08:568"}
{"error":"Invalid or expired refresh token","level":"\u001b[31merror\u001b[39m","message":"\u001b[31mToken refresh failed\u001b[39m","timestamp":"2026-01-08 18:56:08:568"}
{"error":"Invalid or expired refresh token","level":"\u001b[31merror\u001b[39m","message":"\u001b[31mToken refresh failed\u001b[39m","timestamp":"2026-01-08 18:56:08:568"}
{"error":"Invalid or expired refresh token","level":"\u001b[31merror\u001b[39m","message":"\u001b[31mToken refresh failed\u001b[39m","timestamp":"2026-01-08 18:56:08:568"}
{"error":"Invalid or expired refresh token","level":"\u001b[31merror\u001b[39m","message":"\u001b[31mToken refresh failed\u001b[39m","timestamp":"2026-01-08 18:56:08:568"}
{"error":"Invalid or expired refresh token","level":"\u001b[31merror\u001b[39m","message":"\u001b[31mToken refresh failed\u001b[39m","timestamp":"2026-01-08 18:56:08:568"}
{"error":"Invalid or expired refresh token","level":"\u001b[31merror\u001b[39m","message":"\u001b[31mToken refresh failed\u001b[39m","timestamp":"2026-01-08 18:56:29:5629"}
{"error":"Invalid or expired refresh token","level":"\u001b[31merror\u001b[39m","message":"\u001b[31mToken refresh failed\u001b[39m","timestamp":"2026-01-08 18:56:29:5629"}
{"error":"Invalid or expired refresh token","level":"\u001b[31merror\u001b[39m","message":"\u001b[31mToken refresh failed\u001b[39m","timestamp":"2026-01-08 18:56:29:5629"}
{"error":"Invalid or expired refresh token","level":"\u001b[31merror\u001b[39m","message":"\u001b[31mToken refresh failed\u001b[39m","timestamp":"2026-01-08 18:56:29:5629"}
{"error":"Invalid or expired refresh token","level":"\u001b[31merror\u001b[39m","message":"\u001b[31mToken refresh failed\u001b[39m","timestamp":"2026-01-08 18:56:29:5629"}
{"error":"Invalid or expired refresh token","level":"\u001b[31merror\u001b[39m","message":"\u001b[31mToken refresh failed\u001b[39m","timestamp":"2026-01-08 18:56:29:5629"}
{"error":"Invalid or expired refresh token","level":"\u001b[31merror\u001b[39m","message":"\u001b[31mToken refresh failed\u001b[39m","timestamp":"2026-01-08 18:56:29:5629"}
{"error":"Invalid or expired refresh token","level":"\u001b[31merror\u001b[39m","message":"\u001b[31mToken refresh failed\u001b[39m","timestamp":"2026-01-08 18:56:29:5629"}
{"error":"Invalid or expired refresh token","level":"\u001b[31merror\u001b[39m","message":"\u001b[31mToken refresh failed\u001b[39m","timestamp":"2026-01-08 18:56:29:5629"}
{"error":"Questionnaire validation failed: totalQuestions: Must have at least 1 question","level":"\u001b[31merror\u001b[39m","message":"\u001b[31mDatabase seeding failed\u001b[39m","timestamp":"2026-01-08 18:58:38:5838"}
{"error":"Invalid or expired refresh token","level":"\u001b[31merror\u001b[39m","message":"\u001b[31mToken refresh failed\u001b[39m","timestamp":"2026-01-08 19:00:14:014"}
{"error":"Invalid or expired refresh token","level":"\u001b[31merror\u001b[39m","message":"\u001b[31mToken refresh failed\u001b[39m","timestamp":"2026-01-08 19:00:14:014"}
{"error":"Invalid or expired refresh token","level":"\u001b[31merror\u001b[39m","message":"\u001b[31mToken refresh failed\u001b[39m","timestamp":"2026-01-08 19:00:14:014"}
{"error":"Invalid or expired refresh token","level":"\u001b[31merror\u001b[39m","message":"\u001b[31mToken refresh failed\u001b[39m","timestamp":"2026-01-08 19:00:14:014"}
{"error":"Invalid or expired refresh token","level":"\u001b[31merror\u001b[39m","message":"\u001b[31mToken refresh failed\u001b[39m","timestamp":"2026-01-08 19:00:14:014"}
{"error":"Invalid or expired refresh token","level":"\u001b[31merror\u001b[39m","message":"\u001b[31mToken refresh failed\u001b[39m","timestamp":"2026-01-08 19:00:14:014"}
{"error":"Invalid or expired refresh token","level":"\u001b[31merror\u001b[39m","message":"\u001b[31mToken refresh failed\u001b[39m","timestamp":"2026-01-08 19:00:14:014"}
{"error":"Invalid or expired refresh token","level":"\u001b[31merror\u001b[39m","message":"\u001b[31mToken refresh failed\u001b[39m","timestamp":"2026-01-08 19:00:14:014"}
{"error":"Invalid or expired refresh token","level":"\u001b[31merror\u001b[39m","message":"\u001b[31mToken refresh failed\u001b[39m","timestamp":"2026-01-08 19:00:14:014"}
{"error":"Invalid or expired refresh token","level":"\u001b[31merror\u001b[39m","message":"\u001b[31mToken refresh failed\u001b[39m","timestamp":"2026-01-08 19:00:14:014"}
{"error":"Invalid or expired refresh token","level":"\u001b[31merror\u001b[39m","message":"\u001b[31mToken refresh failed\u001b[39m","timestamp":"2026-01-08 19:08:19:819"}
{"error":"Invalid or expired refresh token","level":"\u001b[31merror\u001b[39m","message":"\u001b[31mToken refresh failed\u001b[39m","timestamp":"2026-01-08 19:08:19:819"}
{"error":"Invalid or expired refresh token","level":"\u001b[31merror\u001b[39m","message":"\u001b[31mToken refresh failed\u001b[39m","timestamp":"2026-01-08 19:08:19:819"}
{"error":"Invalid or expired refresh token","level":"\u001b[31merror\u001b[39m","message":"\u001b[31mToken refresh failed\u001b[39m","timestamp":"2026-01-08 19:08:19:819"}
{"error":"Invalid or expired refresh token","level":"\u001b[31merror\u001b[39m","message":"\u001b[31mToken refresh failed\u001b[39m","timestamp":"2026-01-08 19:08:19:819"}
{"error":"Invalid or expired refresh token","level":"\u001b[31merror\u001b[39m","message":"\u001b[31mToken refresh failed\u001b[39m","timestamp":"2026-01-08 19:08:19:819"}
{"error":"Invalid or expired refresh token","level":"\u001b[31merror\u001b[39m","message":"\u001b[31mToken refresh failed\u001b[39m","timestamp":"2026-01-08 19:08:19:819"}
{"error":"Invalid or expired refresh token","level":"\u001b[31merror\u001b[39m","message":"\u001b[31mToken refresh failed\u001b[39m","timestamp":"2026-01-08 19:08:19:819"}
{"error":"Invalid or expired refresh token","level":"\u001b[31merror\u001b[39m","message":"\u001b[31mToken refresh failed\u001b[39m","timestamp":"2026-01-08 19:08:19:819"}
{"error":"Invalid or expired refresh token","level":"\u001b[31merror\u001b[39m","message":"\u001b[31mToken refresh failed\u001b[39m","timestamp":"2026-01-08 19:08:19:819"}
{"error":"Invalid or expired refresh token","level":"\u001b[31merror\u001b[39m","message":"\u001b[31mToken refresh failed\u001b[39m","timestamp":"2026-01-08 19:09:04:94"}
{"error":"Invalid or expired refresh token","level":"\u001b[31merror\u001b[39m","message":"\u001b[31mToken refresh failed\u001b[39m","timestamp":"2026-01-08 19:09:04:94"}
{"error":"Invalid or expired refresh token","level":"\u001b[31merror\u001b[39m","message":"\u001b[31mToken refresh failed\u001b[39m","timestamp":"2026-01-08 19:09:04:94"}
{"error":"Invalid or expired refresh token","level":"\u001b[31merror\u001b[39m","message":"\u001b[31mToken refresh failed\u001b[39m","timestamp":"2026-01-08 19:09:04:94"}
{"error":"Invalid or expired refresh token","level":"\u001b[31merror\u001b[39m","message":"\u001b[31mToken refresh failed\u001b[39m","timestamp":"2026-01-08 19:09:04:94"}
{"error":"Invalid or expired refresh token","level":"\u001b[31merror\u001b[39m","message":"\u001b[31mToken refresh failed\u001b[39m","timestamp":"2026-01-08 19:09:04:94"}
{"error":"Invalid or expired refresh token","level":"\u001b[31merror\u001b[39m","message":"\u001b[31mToken refresh failed\u001b[39m","timestamp":"2026-01-08 19:09:04:94"}
{"error":"Invalid or expired refresh token","level":"\u001b[31merror\u001b[39m","message":"\u001b[31mToken refresh failed\u001b[39m","timestamp":"2026-01-08 19:09:04:94"}
{"error":"Invalid or expired refresh token","level":"\u001b[31merror\u001b[39m","message":"\u001b[31mToken refresh failed\u001b[39m","timestamp":"2026-01-08 19:09:04:94"}
{"error":"Invalid or expired refresh token","level":"\u001b[31merror\u001b[39m","message":"\u001b[31mToken refresh failed\u001b[39m","timestamp":"2026-01-08 19:09:04:94"}
{"error":"Invalid or expired refresh token","level":"\u001b[31merror\u001b[39m","message":"\u001b[31mToken refresh failed\u001b[39m","timestamp":"2026-01-08 19:13:02:132"}
{"error":"Invalid or expired refresh token","level":"\u001b[31merror\u001b[39m","message":"\u001b[31mToken refresh failed\u001b[39m","timestamp":"2026-01-08 19:13:02:132"}
{"error":"Invalid or expired refresh token","level":"\u001b[31merror\u001b[39m","message":"\u001b[31mToken refresh failed\u001b[39m","timestamp":"2026-01-08 19:13:02:132"}
{"error":"Invalid or expired refresh token","level":"\u001b[31merror\u001b[39m","message":"\u001b[31mToken refresh failed\u001b[39m","timestamp":"2026-01-08 19:13:02:132"}
{"error":"Invalid or expired refresh token","level":"\u001b[31merror\u001b[39m","message":"\u001b[31mToken refresh failed\u001b[39m","timestamp":"2026-01-08 19:13:02:132"}
{"error":"Invalid or expired refresh token","level":"\u001b[31merror\u001b[39m","message":"\u001b[31mToken refresh failed\u001b[39m","timestamp":"2026-01-08 19:13:02:132"}
{"error":"Invalid or expired refresh token","level":"\u001b[31merror\u001b[39m","message":"\u001b[31mToken refresh failed\u001b[39m","timestamp":"2026-01-08 19:13:02:132"}
{"error":"Invalid or expired refresh token","level":"\u001b[31merror\u001b[39m","message":"\u001b[31mToken refresh failed\u001b[39m","timestamp":"2026-01-08 19:13:02:132"}
{"error":"Invalid or expired refresh token","level":"\u001b[31merror\u001b[39m","message":"\u001b[31mToken refresh failed\u001b[39m","timestamp":"2026-01-08 19:13:02:132"}
{"error":"Invalid or expired refresh token","level":"\u001b[31merror\u001b[39m","message":"\u001b[31mToken refresh failed\u001b[39m","timestamp":"2026-01-08 19:13:02:132"}
{"error":"Right-hand side of 'instanceof' is not callable","level":"\u001b[31merror\u001b[39m","message":"\u001b[31mToken refresh failed\u001b[39m","timestamp":"2026-01-09 10:17:46:1746"}
{"error":"Right-hand side of 'instanceof' is not callable","level":"\u001b[31merror\u001b[39m","message":"\u001b[31mToken refresh failed\u001b[39m","timestamp":"2026-01-09 10:17:46:1746"}
{"error":"Right-hand side of 'instanceof' is not callable","level":"\u001b[31merror\u001b[39m","message":"\u001b[31mToken refresh failed\u001b[39m","timestamp":"2026-01-09 10:17:46:1746"}
{"error":"Right-hand side of 'instanceof' is not callable","level":"\u001b[31merror\u001b[39m","message":"\u001b[31mToken refresh failed\u001b[39m","timestamp":"2026-01-09 10:17:46:1746"}
{"error":"Right-hand side of 'instanceof' is not callable","level":"\u001b[31merror\u001b[39m","message":"\u001b[31mToken refresh failed\u001b[39m","timestamp":"2026-01-09 10:17:46:1746"}
{"error":"Right-hand side of 'instanceof' is not callable","level":"\u001b[31merror\u001b[39m","message":"\u001b[31mToken refresh failed\u001b[39m","timestamp":"2026-01-09 10:17:46:1746"}
{"error":"Right-hand side of 'instanceof' is not callable","level":"\u001b[31merror\u001b[39m","message":"\u001b[31mToken refresh failed\u001b[39m","timestamp":"2026-01-09 10:17:46:1746"}
{"error":"Right-hand side of 'instanceof' is not callable","level":"\u001b[31merror\u001b[39m","message":"\u001b[31mToken refresh failed\u001b[39m","timestamp":"2026-01-09 10:17:46:1746"}
{"error":"Right-hand side of 'instanceof' is not callable","level":"\u001b[31merror\u001b[39m","message":"\u001b[31mToken refresh failed\u001b[39m","timestamp":"2026-01-09 10:17:46:1746"}
{"error":"Right-hand side of 'instanceof' is not callable","level":"\u001b[31merror\u001b[39m","message":"\u001b[31mToken refresh failed\u001b[39m","timestamp":"2026-01-09 10:17:46:1746"}
{"email":"duplicate@example.com","error":"An account with this email address already exists","level":"\u001b[31merror\u001b[39m","message":"\u001b[31mRegistration controller error\u001b[39m","requestId":"req_1767934347007_xfqpo58rj","stack":"Error: An account with this email address already exists\n    at AuthService.createAuthError (D:\\dynamous-kiro-hackathon\\backend\\src\\services\\authService.ts:748:33)\n    at AuthService.register (D:\\dynamous-kiro-hackathon\\backend\\src\\services\\authService.ts:27:20)\n    at processTicksAndRejections (node:internal/process/task_queues:105:5)\n    at register (D:\\dynamous-kiro-hackathon\\backend\\src\\controllers\\authController.ts:25:20)","timestamp":"2026-01-09 10:22:27:2227","type":"EMAIL_ALREADY_EXISTS"}
{"email":"duplicate@example.com","error":"An account with this email address already exists","level":"\u001b[31merror\u001b[39m","message":"\u001b[31mRegistration controller error\u001b[39m","requestId":"req_1767934431132_vzhgk33j8","stack":"Error: An account with this email address already exists\n    at AuthService.createAuthError (D:\\dynamous-kiro-hackathon\\backend\\src\\services\\authService.ts:748:33)\n    at AuthService.register (D:\\dynamous-kiro-hackathon\\backend\\src\\services\\authService.ts:27:20)\n    at processTicksAndRejections (node:internal/process/task_queues:105:5)\n    at register (D:\\dynamous-kiro-hackathon\\backend\\src\\controllers\\authController.ts:25:20)","timestamp":"2026-01-09 10:23:51:2351","type":"EMAIL_ALREADY_EXISTS"}
{"email":"duplicate@example.com","error":"An account with this email address already exists","level":"\u001b[31merror\u001b[39m","message":"\u001b[31mRegistration controller error\u001b[39m","requestId":"req_1767934481226_177zfk6x3","stack":"Error: An account with this email address already exists\n    at AuthService.createAuthError (D:\\dynamous-kiro-hackathon\\backend\\src\\services\\authService.ts:748:33)\n    at AuthService.register (D:\\dynamous-kiro-hackathon\\backend\\src\\services\\authService.ts:27:20)\n    at processTicksAndRejections (node:internal/process/task_queues:105:5)\n    at register (D:\\dynamous-kiro-hackathon\\backend\\src\\controllers\\authController.ts:25:20)","timestamp":"2026-01-09 10:24:41:2441","type":"EMAIL_ALREADY_EXISTS"}
{"email":"duplicate@example.com","error":"An account with this email address already exists","level":"\u001b[31merror\u001b[39m","message":"\u001b[31mRegistration controller error\u001b[39m","requestId":"req_1767934971138_uswnw88c0","stack":"Error: An account with this email address already exists\n    at AuthService.createAuthError (D:\\dynamous-kiro-hackathon\\backend\\src\\services\\authService.ts:748:33)\n    at AuthService.register (D:\\dynamous-kiro-hackathon\\backend\\src\\services\\authService.ts:27:20)\n    at processTicksAndRejections (node:internal/process/task_queues:105:5)\n    at register (D:\\dynamous-kiro-hackathon\\backend\\src\\controllers\\authController.ts:25:20)","timestamp":"2026-01-09 10:32:51:3251","type":"EMAIL_ALREADY_EXISTS"}
{"error":"No matching document found for id \"695fad93274c37a1838a903b\" version 10 modifiedPaths \"security, security.refreshTokens\"","level":"\u001b[31merror\u001b[39m","message":"\u001b[31mToken refresh failed\u001b[39m","timestamp":"2026-01-09 10:53:29:5329"}
{"error":"text index required for $text query","level":"\u001b[31merror\u001b[39m","message":"\u001b[31mError searching career domains\u001b[39m","searchQuery":{"limit":5,"query":"programming"},"timestamp":"2026-01-09 10:54:50:5450"}
{"email":"duplicate@example.com","error":"An account with this email address already exists","level":"\u001b[31merror\u001b[39m","message":"\u001b[31mRegistration controller error\u001b[39m","requestId":"req_1767936643315_ucfnhkm9i","stack":"Error: An account with this email address already exists\n    at AuthService.createAuthError (D:\\dynamous-kiro-hackathon\\backend\\src\\services\\authService.ts:748:33)\n    at AuthService.register (D:\\dynamous-kiro-hackathon\\backend\\src\\services\\authService.ts:27:20)\n    at processTicksAndRejections (node:internal/process/task_queues:105:5)\n    at register (D:\\dynamous-kiro-hackathon\\backend\\src\\controllers\\authController.ts:25:20)","timestamp":"2026-01-09 11:00:43:043","type":"EMAIL_ALREADY_EXISTS"}
{"email":"duplicate@example.com","error":"An account with this email address already exists","level":"\u001b[31merror\u001b[39m","message":"\u001b[31mRegistration controller error\u001b[39m","requestId":"req_1767942327026_y6y2d082g","stack":"Error: An account with this email address already exists\n    at AuthService.createAuthError (D:\\dynamous-kiro-hackathon\\backend\\src\\services\\authService.ts:748:33)\n    at AuthService.register (D:\\dynamous-kiro-hackathon\\backend\\src\\services\\authService.ts:27:20)\n    at processTicksAndRejections (node:internal/process/task_queues:105:5)\n    at register (D:\\dynamous-kiro-hackathon\\backend\\src\\controllers\\authController.ts:25:20)","timestamp":"2026-01-09 12:35:27:3527","type":"EMAIL_ALREADY_EXISTS"}
{"email":"duplicate@example.com","error":"An account with this email address already exists","level":"\u001b[31merror\u001b[39m","message":"\u001b[31mRegistration controller error\u001b[39m","requestId":"req_1767942585725_wuxdlmy0t","stack":"Error: An account with this email address already exists\n    at AuthService.createAuthError (D:\\dynamous-kiro-hackathon\\backend\\src\\services\\authService.ts:748:33)\n    at AuthService.register (D:\\dynamous-kiro-hackathon\\backend\\src\\services\\authService.ts:27:20)\n    at processTicksAndRejections (node:internal/process/task_queues:105:5)\n    at register (D:\\dynamous-kiro-hackathon\\backend\\src\\controllers\\authController.ts:25:20)","timestamp":"2026-01-09 12:39:45:3945","type":"EMAIL_ALREADY_EXISTS"}
{"email":"duplicate@example.com","error":"An account with this email address already exists","level":"\u001b[31merror\u001b[39m","message":"\u001b[31mRegistration controller error\u001b[39m","requestId":"req_1767943266858_w3dlq1sew","stack":"Error: An account with this email address already exists\n    at AuthService.createAuthError (D:\\dynamous-kiro-hackathon\\backend\\src\\services\\authService.ts:748:33)\n    at AuthService.register (D:\\dynamous-kiro-hackathon\\backend\\src\\services\\authService.ts:27:20)\n    at processTicksAndRejections (node:internal/process/task_queues:105:5)\n    at register (D:\\dynamous-kiro-hackathon\\backend\\src\\controllers\\authController.ts:25:20)","timestamp":"2026-01-09 12:51:06:516","type":"EMAIL_ALREADY_EXISTS"}
{"email":"duplicate@example.com","error":"An account with this email address already exists","level":"\u001b[31merror\u001b[39m","message":"\u001b[31mRegistration controller error\u001b[39m","requestId":"req_1767943468246_fs53bcxln","stack":"Error: An account with this email address already exists\n    at AuthService.createAuthError (D:\\dynamous-kiro-hackathon\\backend\\src\\services\\authService.ts:748:33)\n    at AuthService.register (D:\\dynamous-kiro-hackathon\\backend\\src\\services\\authService.ts:27:20)\n    at processTicksAndRejections (node:internal/process/task_queues:105:5)\n    at register (D:\\dynamous-kiro-hackathon\\backend\\src\\controllers\\authController.ts:25:20)","timestamp":"2026-01-09 12:54:28:5428","type":"EMAIL_ALREADY_EXISTS"}
{"email":"duplicate@example.com","error":"An account with this email address already exists","level":"\u001b[31merror\u001b[39m","message":"\u001b[31mRegistration controller error\u001b[39m","requestId":"req_1767943628901_vg27fc4wu","stack":"Error: An account with this email address already exists\n    at AuthService.createAuthError (D:\\dynamous-kiro-hackathon\\backend\\src\\services\\authService.ts:748:33)\n    at AuthService.register (D:\\dynamous-kiro-hackathon\\backend\\src\\services\\authService.ts:27:20)\n    at processTicksAndRejections (node:internal/process/task_queues:105:5)\n    at register (D:\\dynamous-kiro-hackathon\\backend\\src\\controllers\\authController.ts:25:20)","timestamp":"2026-01-09 12:57:08:578","type":"EMAIL_ALREADY_EXISTS"}
{"email":"duplicate@example.com","error":"An account with this email address already exists","level":"\u001b[31merror\u001b[39m","message":"\u001b[31mRegistration controller error\u001b[39m","requestId":"req_1767943791039_b28v9nm0s","stack":"Error: An account with this email address already exists\n    at AuthService.createAuthError (D:\\dynamous-kiro-hackathon\\backend\\src\\services\\authService.ts:748:33)\n    at AuthService.register (D:\\dynamous-kiro-hackathon\\backend\\src\\services\\authService.ts:27:20)\n    at processTicksAndRejections (node:internal/process/task_queues:105:5)\n    at register (D:\\dynamous-kiro-hackathon\\backend\\src\\controllers\\authController.ts:25:20)","timestamp":"2026-01-09 12:59:51:5951","type":"EMAIL_ALREADY_EXISTS"}
{"email":"duplicate@example.com","error":"An account with this email address already exists","level":"\u001b[31merror\u001b[39m","message":"\u001b[31mRegistration controller error\u001b[39m","requestId":"req_1767943997248_4ebstkg18","stack":"Error: An account with this email address already exists\n    at AuthService.createAuthError (D:\\dynamous-kiro-hackathon\\backend\\src\\services\\authService.ts:748:33)\n    at AuthService.register (D:\\dynamous-kiro-hackathon\\backend\\src\\services\\authService.ts:27:20)\n    at processTicksAndRejections (node:internal/process/task_queues:105:5)\n    at register (D:\\dynamous-kiro-hackathon\\backend\\src\\controllers\\authController.ts:25:20)","timestamp":"2026-01-09 13:03:17:317","type":"EMAIL_ALREADY_EXISTS"}
{"email":"duplicate@example.com","error":"An account with this email address already exists","level":"\u001b[31merror\u001b[39m","message":"\u001b[31mRegistration controller error\u001b[39m","requestId":"req_1767944070584_s1gadkqv6","stack":"Error: An account with this email address already exists\n    at AuthService.createAuthError (D:\\dynamous-kiro-hackathon\\backend\\src\\services\\authService.ts:748:33)\n    at AuthService.register (D:\\dynamous-kiro-hackathon\\backend\\src\\services\\authService.ts:27:20)\n    at processTicksAndRejections (node:internal/process/task_queues:105:5)\n    at register (D:\\dynamous-kiro-hackathon\\backend\\src\\controllers\\authController.ts:25:20)","timestamp":"2026-01-09 13:04:30:430","type":"EMAIL_ALREADY_EXISTS"}
{"error":"No matching document found for id \"695fad93274c37a1838a903b\" version 14 modifiedPaths \"security, security.refreshTokens\"","level":"\u001b[31merror\u001b[39m","message":"\u001b[31mToken refresh failed\u001b[39m","timestamp":"2026-01-09 13:13:43:1343"}
{"error":"No matching document found for id \"695fad93274c37a1838a903b\" version 14 modifiedPaths \"security, security.refreshTokens\"","level":"\u001b[31merror\u001b[39m","message":"\u001b[31mToken refresh failed\u001b[39m","timestamp":"2026-01-09 13:13:44:1344"}
{"error":"Assessment.findOne is not a function","level":"\u001b[31merror\u001b[39m","message":"\u001b[31mGenerate recommendations controller error\u001b[39m","requestId":"req_1767946178343_ux6eo54zj","stack":"TypeError: Assessment.findOne is not a function\n    at generateRecommendations (D:\\dynamous-kiro-hackathon\\backend\\src\\controllers\\recommendationController.ts:56:47)\n    at Layer.handle [as handle_request] (D:\\dynamous-kiro-hackathon\\backend\\node_modules\\express\\lib\\router\\layer.js:95:5)\n    at next (D:\\dynamous-kiro-hackathon\\backend\\node_modules\\express\\lib\\router\\route.js:149:13)\n    at D:\\dynamous-kiro-hackathon\\backend\\src\\middleware\\validation.ts:100:5\n    at Layer.handle [as handle_request] (D:\\dynamous-kiro-hackathon\\backend\\node_modules\\express\\lib\\router\\layer.js:95:5)\n    at next (D:\\dynamous-kiro-hackathon\\backend\\node_modules\\express\\lib\\router\\route.js:149:13)\n    at D:\\dynamous-kiro-hackathon\\backend\\src\\middleware\\auth.ts:228:7\n    at processTicksAndRejections (node:internal/process/task_queues:105:5)","timestamp":"2026-01-09 13:39:38:3938","type":"RECOMMENDATION_GENERATION_ERROR","userId":"695fad93274c37a1838a903b"}
{"error":"Assessment.findOne is not a function","level":"\u001b[31merror\u001b[39m","message":"\u001b[31mGenerate recommendations controller error\u001b[39m","requestId":"req_1767946178369_olejuu3zq","stack":"TypeError: Assessment.findOne is not a function\n    at generateRecommendations (D:\\dynamous-kiro-hackathon\\backend\\src\\controllers\\recommendationController.ts:56:47)\n    at Layer.handle [as handle_request] (D:\\dynamous-kiro-hackathon\\backend\\node_modules\\express\\lib\\router\\layer.js:95:5)\n    at next (D:\\dynamous-kiro-hackathon\\backend\\node_modules\\express\\lib\\router\\route.js:149:13)\n    at D:\\dynamous-kiro-hackathon\\backend\\src\\middleware\\validation.ts:100:5\n    at Layer.handle [as handle_request] (D:\\dynamous-kiro-hackathon\\backend\\node_modules\\express\\lib\\router\\layer.js:95:5)\n    at next (D:\\dynamous-kiro-hackathon\\backend\\node_modules\\express\\lib\\router\\route.js:149:13)\n    at D:\\dynamous-kiro-hackathon\\backend\\src\\middleware\\auth.ts:228:7\n    at processTicksAndRejections (node:internal/process/task_queues:105:5)","timestamp":"2026-01-09 13:39:38:3938","type":"RECOMMENDATION_GENERATION_ERROR","userId":"695fad93274c37a1838a903b"}
{"error":"Assessment.findOne is not a function","level":"\u001b[31merror\u001b[39m","message":"\u001b[31mGenerate recommendations controller error\u001b[39m","requestId":"req_1767946200180_aqcnsaow5","stack":"TypeError: Assessment.findOne is not a function\n    at generateRecommendations (D:\\dynamous-kiro-hackathon\\backend\\src\\controllers\\recommendationController.ts:56:47)\n    at Layer.handle [as handle_request] (D:\\dynamous-kiro-hackathon\\backend\\node_modules\\express\\lib\\router\\layer.js:95:5)\n    at next (D:\\dynamous-kiro-hackathon\\backend\\node_modules\\express\\lib\\router\\route.js:149:13)\n    at D:\\dynamous-kiro-hackathon\\backend\\src\\middleware\\validation.ts:100:5\n    at Layer.handle [as handle_request] (D:\\dynamous-kiro-hackathon\\backend\\node_modules\\express\\lib\\router\\layer.js:95:5)\n    at next (D:\\dynamous-kiro-hackathon\\backend\\node_modules\\express\\lib\\router\\route.js:149:13)\n    at D:\\dynamous-kiro-hackathon\\backend\\src\\middleware\\auth.ts:228:7\n    at processTicksAndRejections (node:internal/process/task_queues:105:5)","timestamp":"2026-01-09 13:40:00:400","type":"RECOMMENDATION_GENERATION_ERROR","userId":"695fad93274c37a1838a903b"}
{"error":"Assessment.findOne is not a function","level":"\u001b[31merror\u001b[39m","message":"\u001b[31mGenerate recommendations controller error\u001b[39m","requestId":"req_1767946203965_4sasltl2p","stack":"TypeError: Assessment.findOne is not a function\n    at generateRecommendations (D:\\dynamous-kiro-hackathon\\backend\\src\\controllers\\recommendationController.ts:56:47)\n    at Layer.handle [as handle_request] (D:\\dynamous-kiro-hackathon\\backend\\node_modules\\express\\lib\\router\\layer.js:95:5)\n    at next (D:\\dynamous-kiro-hackathon\\backend\\node_modules\\express\\lib\\router\\route.js:149:13)\n    at D:\\dynamous-kiro-hackathon\\backend\\src\\middleware\\validation.ts:100:5\n    at Layer.handle [as handle_request] (D:\\dynamous-kiro-hackathon\\backend\\node_modules\\express\\lib\\router\\layer.js:95:5)\n    at next (D:\\dynamous-kiro-hackathon\\backend\\node_modules\\express\\lib\\router\\route.js:149:13)\n    at D:\\dynamous-kiro-hackathon\\backend\\src\\middleware\\auth.ts:228:7\n    at processTicksAndRejections (node:internal/process/task_queues:105:5)","timestamp":"2026-01-09 13:40:03:403","type":"RECOMMENDATION_GENERATION_ERROR","userId":"695fad93274c37a1838a903b"}
{"error":"Assessment.findOne is not a function","level":"\u001b[31merror\u001b[39m","message":"\u001b[31mGenerate recommendations controller error\u001b[39m","requestId":"req_1767946319375_gvh5b1z15","stack":"TypeError: Assessment.findOne is not a function\n    at generateRecommendations (D:\\dynamous-kiro-hackathon\\backend\\src\\controllers\\recommendationController.ts:56:47)\n    at Layer.handle [as handle_request] (D:\\dynamous-kiro-hackathon\\backend\\node_modules\\express\\lib\\router\\layer.js:95:5)\n    at next (D:\\dynamous-kiro-hackathon\\backend\\node_modules\\express\\lib\\router\\route.js:149:13)\n    at D:\\dynamous-kiro-hackathon\\backend\\src\\middleware\\validation.ts:100:5\n    at Layer.handle [as handle_request] (D:\\dynamous-kiro-hackathon\\backend\\node_modules\\express\\lib\\router\\layer.js:95:5)\n    at next (D:\\dynamous-kiro-hackathon\\backend\\node_modules\\express\\lib\\router\\route.js:149:13)\n    at D:\\dynamous-kiro-hackathon\\backend\\src\\middleware\\auth.ts:228:7\n    at processTicksAndRejections (node:internal/process/task_queues:105:5)","timestamp":"2026-01-09 13:41:59:4159","type":"RECOMMENDATION_GENERATION_ERROR","userId":"695fad93274c37a1838a903b"}
{"error":"Assessment.findOne is not a function","level":"\u001b[31merror\u001b[39m","message":"\u001b[31mGenerate recommendations controller error\u001b[39m","requestId":"req_1767946319386_yxi06yb29","stack":"TypeError: Assessment.findOne is not a function\n    at generateRecommendations (D:\\dynamous-kiro-hackathon\\backend\\src\\controllers\\recommendationController.ts:56:47)\n    at Layer.handle [as handle_request] (D:\\dynamous-kiro-hackathon\\backend\\node_modules\\express\\lib\\router\\layer.js:95:5)\n    at next (D:\\dynamous-kiro-hackathon\\backend\\node_modules\\express\\lib\\router\\route.js:149:13)\n    at D:\\dynamous-kiro-hackathon\\backend\\src\\middleware\\validation.ts:100:5\n    at Layer.handle [as handle_request] (D:\\dynamous-kiro-hackathon\\backend\\node_modules\\express\\lib\\router\\layer.js:95:5)\n    at next (D:\\dynamous-kiro-hackathon\\backend\\node_modules\\express\\lib\\router\\route.js:149:13)\n    at D:\\dynamous-kiro-hackathon\\backend\\src\\middleware\\auth.ts:228:7\n    at processTicksAndRejections (node:internal/process/task_queues:105:5)","timestamp":"2026-01-09 13:41:59:4159","type":"RECOMMENDATION_GENERATION_ERROR","userId":"695fad93274c37a1838a903b"}
{"error":"Assessment.findOne is not a function","level":"\u001b[31merror\u001b[39m","message":"\u001b[31mGenerate recommendations controller error\u001b[39m","requestId":"req_1767946788511_wckv07gwn","stack":"TypeError: Assessment.findOne is not a function\n    at generateRecommendations (D:\\dynamous-kiro-hackathon\\backend\\src\\controllers\\recommendationController.ts:56:47)\n    at Layer.handle [as handle_request] (D:\\dynamous-kiro-hackathon\\backend\\node_modules\\express\\lib\\router\\layer.js:95:5)\n    at next (D:\\dynamous-kiro-hackathon\\backend\\node_modules\\express\\lib\\router\\route.js:149:13)\n    at D:\\dynamous-kiro-hackathon\\backend\\src\\middleware\\validation.ts:100:5\n    at Layer.handle [as handle_request] (D:\\dynamous-kiro-hackathon\\backend\\node_modules\\express\\lib\\router\\layer.js:95:5)\n    at next (D:\\dynamous-kiro-hackathon\\backend\\node_modules\\express\\lib\\router\\route.js:149:13)\n    at D:\\dynamous-kiro-hackathon\\backend\\src\\middleware\\auth.ts:228:7\n    at processTicksAndRejections (node:internal/process/task_queues:105:5)","timestamp":"2026-01-09 13:49:48:4948","type":"RECOMMENDATION_GENERATION_ERROR","userId":"695fad93274c37a1838a903b"}
{"error":"Assessment.findOne is not a function","level":"\u001b[31merror\u001b[39m","message":"\u001b[31mGenerate recommendations controller error\u001b[39m","requestId":"req_1767946788514_2h96zkxyd","stack":"TypeError: Assessment.findOne is not a function\n    at generateRecommendations (D:\\dynamous-kiro-hackathon\\backend\\src\\controllers\\recommendationController.ts:56:47)\n    at Layer.handle [as handle_request] (D:\\dynamous-kiro-hackathon\\backend\\node_modules\\express\\lib\\router\\layer.js:95:5)\n    at next (D:\\dynamous-kiro-hackathon\\backend\\node_modules\\express\\lib\\router\\route.js:149:13)\n    at D:\\dynamous-kiro-hackathon\\backend\\src\\middleware\\validation.ts:100:5\n    at Layer.handle [as handle_request] (D:\\dynamous-kiro-hackathon\\backend\\node_modules\\express\\lib\\router\\layer.js:95:5)\n    at next (D:\\dynamous-kiro-hackathon\\backend\\node_modules\\express\\lib\\router\\route.js:149:13)\n    at D:\\dynamous-kiro-hackathon\\backend\\src\\middleware\\auth.ts:228:7\n    at processTicksAndRejections (node:internal/process/task_queues:105:5)","timestamp":"2026-01-09 13:49:48:4948","type":"RECOMMENDATION_GENERATION_ERROR","userId":"695fad93274c37a1838a903b"}
{"error":"Assessment.findOne is not a function","level":"\u001b[31merror\u001b[39m","message":"\u001b[31mGenerate recommendations controller error\u001b[39m","requestId":"req_1767946798857_74l1lzpf9","stack":"TypeError: Assessment.findOne is not a function\n    at generateRecommendations (D:\\dynamous-kiro-hackathon\\backend\\src\\controllers\\recommendationController.ts:56:47)\n    at Layer.handle [as handle_request] (D:\\dynamous-kiro-hackathon\\backend\\node_modules\\express\\lib\\router\\layer.js:95:5)\n    at next (D:\\dynamous-kiro-hackathon\\backend\\node_modules\\express\\lib\\router\\route.js:149:13)\n    at D:\\dynamous-kiro-hackathon\\backend\\src\\middleware\\validation.ts:100:5\n    at Layer.handle [as handle_request] (D:\\dynamous-kiro-hackathon\\backend\\node_modules\\express\\lib\\router\\layer.js:95:5)\n    at next (D:\\dynamous-kiro-hackathon\\backend\\node_modules\\express\\lib\\router\\route.js:149:13)\n    at D:\\dynamous-kiro-hackathon\\backend\\src\\middleware\\auth.ts:228:7\n    at processTicksAndRejections (node:internal/process/task_queues:105:5)","timestamp":"2026-01-09 13:49:58:4958","type":"RECOMMENDATION_GENERATION_ERROR","userId":"695fad93274c37a1838a903b"}
{"error":"Assessment.findOne is not a function","level":"\u001b[31merror\u001b[39m","message":"\u001b[31mGenerate recommendations controller error\u001b[39m","requestId":"req_1767946974676_d3p2y0pqx","stack":"TypeError: Assessment.findOne is not a function\n    at generateRecommendations (D:\\dynamous-kiro-hackathon\\backend\\src\\controllers\\recommendationController.ts:56:47)\n    at Layer.handle [as handle_request] (D:\\dynamous-kiro-hackathon\\backend\\node_modules\\express\\lib\\router\\layer.js:95:5)\n    at next (D:\\dynamous-kiro-hackathon\\backend\\node_modules\\express\\lib\\router\\route.js:149:13)\n    at D:\\dynamous-kiro-hackathon\\backend\\src\\middleware\\validation.ts:100:5\n    at Layer.handle [as handle_request] (D:\\dynamous-kiro-hackathon\\backend\\node_modules\\express\\lib\\router\\layer.js:95:5)\n    at next (D:\\dynamous-kiro-hackathon\\backend\\node_modules\\express\\lib\\router\\route.js:149:13)\n    at D:\\dynamous-kiro-hackathon\\backend\\src\\middleware\\auth.ts:228:7\n    at processTicksAndRejections (node:internal/process/task_queues:105:5)","timestamp":"2026-01-09 13:52:54:5254","type":"RECOMMENDATION_GENERATION_ERROR","userId":"695fad93274c37a1838a903b"}
{"error":"Assessment.findOne is not a function","level":"\u001b[31merror\u001b[39m","message":"\u001b[31mGenerate recommendations controller error\u001b[39m","requestId":"req_1767946974690_gdq2dh0mc","stack":"TypeError: Assessment.findOne is not a function\n    at generateRecommendations (D:\\dynamous-kiro-hackathon\\backend\\src\\controllers\\recommendationController.ts:56:47)\n    at Layer.handle [as handle_request] (D:\\dynamous-kiro-hackathon\\backend\\node_modules\\express\\lib\\router\\layer.js:95:5)\n    at next (D:\\dynamous-kiro-hackathon\\backend\\node_modules\\express\\lib\\router\\route.js:149:13)\n    at D:\\dynamous-kiro-hackathon\\backend\\src\\middleware\\validation.ts:100:5\n    at Layer.handle [as handle_request] (D:\\dynamous-kiro-hackathon\\backend\\node_modules\\express\\lib\\router\\layer.js:95:5)\n    at next (D:\\dynamous-kiro-hackathon\\backend\\node_modules\\express\\lib\\router\\route.js:149:13)\n    at D:\\dynamous-kiro-hackathon\\backend\\src\\middleware\\auth.ts:228:7\n    at processTicksAndRejections (node:internal/process/task_queues:105:5)","timestamp":"2026-01-09 13:52:54:5254","type":"RECOMMENDATION_GENERATION_ERROR","userId":"695fad93274c37a1838a903b"}
{"error":"No matching document found for id \"695fad93274c37a1838a903b\" version 27 modifiedPaths \"security, security.refreshTokens\"","level":"\u001b[31merror\u001b[39m","message":"\u001b[31mToken refresh failed\u001b[39m","timestamp":"2026-01-10 16:08:46:846"}
{"error":"No matching document found for id \"695fad93274c37a1838a903b\" version 38 modifiedPaths \"security, security.refreshTokens\"","level":"\u001b[31merror\u001b[39m","message":"\u001b[31mToken refresh failed\u001b[39m","timestamp":"2026-01-11 09:40:36:4036"}
{"email":"duplicate@example.com","error":"An account with this email address already exists","level":"\u001b[31merror\u001b[39m","message":"\u001b[31mRegistration controller error\u001b[39m","requestId":"req_1768106428097_ud1zlp7zf","stack":"Error: An account with this email address already exists\n    at AuthService.createAuthError (D:\\dynamous-kiro-hackathon\\backend\\src\\services\\authService.ts:748:33)\n    at AuthService.register (D:\\dynamous-kiro-hackathon\\backend\\src\\services\\authService.ts:27:20)\n    at processTicksAndRejections (node:internal/process/task_queues:105:5)\n    at register (D:\\dynamous-kiro-hackathon\\backend\\src\\controllers\\authController.ts:25:20)","timestamp":"2026-01-11 10:10:28:1028","type":"EMAIL_ALREADY_EXISTS"}
{"email":"duplicate@example.com","error":"An account with this email address already exists","level":"\u001b[31merror\u001b[39m","message":"\u001b[31mRegistration controller error\u001b[39m","requestId":"req_1768106922259_o4mmlnh91","stack":"Error: An account with this email address already exists\n    at AuthService.createAuthError (D:\\dynamous-kiro-hackathon\\backend\\src\\services\\authService.ts:748:33)\n    at AuthService.register (D:\\dynamous-kiro-hackathon\\backend\\src\\services\\authService.ts:27:20)\n    at processTicksAndRejections (node:internal/process/task_queues:105:5)\n    at register (D:\\dynamous-kiro-hackathon\\backend\\src\\controllers\\authController.ts:25:20)","timestamp":"2026-01-11 10:18:42:1842","type":"EMAIL_ALREADY_EXISTS"}
{"email":"duplicate@example.com","error":"An account with this email address already exists","level":"\u001b[31merror\u001b[39m","message":"\u001b[31mRegistration controller error\u001b[39m","requestId":"req_1768107030852_5q7xci8ag","stack":"Error: An account with this email address already exists\n    at AuthService.createAuthError (D:\\dynamous-kiro-hackathon\\backend\\src\\services\\authService.ts:748:33)\n    at AuthService.register (D:\\dynamous-kiro-hackathon\\backend\\src\\services\\authService.ts:27:20)\n    at processTicksAndRejections (node:internal/process/task_queues:105:5)\n    at register (D:\\dynamous-kiro-hackathon\\backend\\src\\controllers\\authController.ts:25:20)","timestamp":"2026-01-11 10:20:30:2030","type":"EMAIL_ALREADY_EXISTS"}
{"email":"duplicate@example.com","error":"An account with this email address already exists","level":"\u001b[31merror\u001b[39m","message":"\u001b[31mRegistration controller error\u001b[39m","requestId":"req_1768107725525_9zgw33cde","stack":"Error: An account with this email address already exists\n    at AuthService.createAuthError (D:\\dynamous-kiro-hackathon\\backend\\src\\services\\authService.ts:748:33)\n    at AuthService.register (D:\\dynamous-kiro-hackathon\\backend\\src\\services\\authService.ts:27:20)\n    at processTicksAndRejections (node:internal/process/task_queues:105:5)\n    at register (D:\\dynamous-kiro-hackathon\\backend\\src\\controllers\\authController.ts:25:20)","timestamp":"2026-01-11 10:32:05:325","type":"EMAIL_ALREADY_EXISTS"}
{"email":"duplicate@example.com","error":"An account with this email address already exists","level":"\u001b[31merror\u001b[39m","message":"\u001b[31mRegistration controller error\u001b[39m","requestId":"req_1768107769821_7nbl3evhb","stack":"Error: An account with this email address already exists\n    at AuthService.createAuthError (D:\\dynamous-kiro-hackathon\\backend\\src\\services\\authService.ts:748:33)\n    at AuthService.register (D:\\dynamous-kiro-hackathon\\backend\\src\\services\\authService.ts:27:20)\n    at processTicksAndRejections (node:internal/process/task_queues:105:5)\n    at register (D:\\dynamous-kiro-hackathon\\backend\\src\\controllers\\authController.ts:25:20)","timestamp":"2026-01-11 10:32:49:3249","type":"EMAIL_ALREADY_EXISTS"}
{"email":"duplicate@example.com","error":"An account with this email address already exists","level":"\u001b[31merror\u001b[39m","message":"\u001b[31mRegistration controller error\u001b[39m","requestId":"req_1768107992498_hqbscd47m","stack":"Error: An account with this email address already exists\n    at AuthService.createAuthError (D:\\dynamous-kiro-hackathon\\backend\\src\\services\\authService.ts:748:33)\n    at AuthService.register (D:\\dynamous-kiro-hackathon\\backend\\src\\services\\authService.ts:27:20)\n    at processTicksAndRejections (node:internal/process/task_queues:105:5)\n    at register (D:\\dynamous-kiro-hackathon\\backend\\src\\controllers\\authController.ts:25:20)","timestamp":"2026-01-11 10:36:32:3632","type":"EMAIL_ALREADY_EXISTS"}
{"email":"duplicate@example.com","error":"An account with this email address already exists","level":"\u001b[31merror\u001b[39m","message":"\u001b[31mRegistration controller error\u001b[39m","requestId":"req_1768108203127_rrwqsg48s","stack":"Error: An account with this email address already exists\n    at AuthService.createAuthError (D:\\dynamous-kiro-hackathon\\backend\\src\\services\\authService.ts:748:33)\n    at AuthService.register (D:\\dynamous-kiro-hackathon\\backend\\src\\services\\authService.ts:27:20)\n    at processTicksAndRejections (node:internal/process/task_queues:105:5)\n    at register (D:\\dynamous-kiro-hackathon\\backend\\src\\controllers\\authController.ts:25:20)","timestamp":"2026-01-11 10:40:03:403","type":"EMAIL_ALREADY_EXISTS"}
{"email":"duplicate@example.com","error":"An account with this email address already exists","level":"\u001b[31merror\u001b[39m","message":"\u001b[31mRegistration controller error\u001b[39m","requestId":"req_1768108378586_27r98r054","stack":"Error: An account with this email address already exists\n    at AuthService.createAuthError (D:\\dynamous-kiro-hackathon\\backend\\src\\services\\authService.ts:748:33)\n    at AuthService.register (D:\\dynamous-kiro-hackathon\\backend\\src\\services\\authService.ts:27:20)\n    at processTicksAndRejections (node:internal/process/task_queues:105:5)\n    at register (D:\\dynamous-kiro-hackathon\\backend\\src\\controllers\\authController.ts:25:20)","timestamp":"2026-01-11 10:42:58:4258","type":"EMAIL_ALREADY_EXISTS"}
{"email":"duplicate@example.com","error":"An account with this email address already exists","level":"\u001b[31merror\u001b[39m","message":"\u001b[31mRegistration controller error\u001b[39m","requestId":"req_1768108423943_zdeiw6p74","stack":"Error: An account with this email address already exists\n    at AuthService.createAuthError (D:\\dynamous-kiro-hackathon\\backend\\src\\services\\authService.ts:748:33)\n    at AuthService.register (D:\\dynamous-kiro-hackathon\\backend\\src\\services\\authService.ts:27:20)\n    at processTicksAndRejections (node:internal/process/task_queues:105:5)\n    at register (D:\\dynamous-kiro-hackathon\\backend\\src\\controllers\\authController.ts:25:20)","timestamp":"2026-01-11 10:43:44:4344","type":"EMAIL_ALREADY_EXISTS"}
{"email":"duplicate@example.com","error":"An account with this email address already exists","level":"\u001b[31merror\u001b[39m","message":"\u001b[31mRegistration controller error\u001b[39m","requestId":"req_1768108538306_7vph8zlnr","stack":"Error: An account with this email address already exists\n    at AuthService.createAuthError (D:\\dynamous-kiro-hackathon\\backend\\src\\services\\authService.ts:748:33)\n    at AuthService.register (D:\\dynamous-kiro-hackathon\\backend\\src\\services\\authService.ts:27:20)\n    at processTicksAndRejections (node:internal/process/task_queues:105:5)\n    at register (D:\\dynamous-kiro-hackathon\\backend\\src\\controllers\\authController.ts:25:20)","timestamp":"2026-01-11 10:45:38:4538","type":"EMAIL_ALREADY_EXISTS"}
{"email":"duplicate@example.com","error":"An account with this email address already exists","level":"\u001b[31merror\u001b[39m","message":"\u001b[31mRegistration controller error\u001b[39m","requestId":"req_1768109973046_jygdwzuh7","stack":"Error: An account with this email address already exists\n    at AuthService.createAuthError (D:\\dynamous-kiro-hackathon\\backend\\src\\services\\authService.ts:748:33)\n    at AuthService.register (D:\\dynamous-kiro-hackathon\\backend\\src\\services\\authService.ts:27:20)\n    at processTicksAndRejections (node:internal/process/task_queues:105:5)\n    at register (D:\\dynamous-kiro-hackathon\\backend\\src\\controllers\\authController.ts:25:20)","timestamp":"2026-01-11 11:09:33:933","type":"EMAIL_ALREADY_EXISTS"}
{"email":"duplicate@example.com","error":"An account with this email address already exists","level":"\u001b[31merror\u001b[39m","message":"\u001b[31mRegistration controller error\u001b[39m","requestId":"req_1768110069007_4v820ange","stack":"Error: An account with this email address already exists\n    at AuthService.createAuthError (D:\\dynamous-kiro-hackathon\\backend\\src\\services\\authService.ts:748:33)\n    at AuthService.register (D:\\dynamous-kiro-hackathon\\backend\\src\\services\\authService.ts:27:20)\n    at processTicksAndRejections (node:internal/process/task_queues:105:5)\n    at register (D:\\dynamous-kiro-hackathon\\backend\\src\\controllers\\authController.ts:25:20)","timestamp":"2026-01-11 11:11:09:119","type":"EMAIL_ALREADY_EXISTS"}
{"email":"duplicate@example.com","error":"An account with this email address already exists","level":"\u001b[31merror\u001b[39m","message":"\u001b[31mRegistration controller error\u001b[39m","requestId":"req_1768110751296_ytos7ngtv","stack":"Error: An account with this email address already exists\n    at AuthService.createAuthError (D:\\dynamous-kiro-hackathon\\backend\\src\\services\\authService.ts:748:33)\n    at AuthService.register (D:\\dynamous-kiro-hackathon\\backend\\src\\services\\authService.ts:27:20)\n    at processTicksAndRejections (node:internal/process/task_queues:105:5)\n    at register (D:\\dynamous-kiro-hackathon\\backend\\src\\controllers\\authController.ts:25:20)","timestamp":"2026-01-11 11:22:31:2231","type":"EMAIL_ALREADY_EXISTS"}
{"email":"duplicate@example.com","error":"An account with this email address already exists","level":"\u001b[31merror\u001b[39m","message":"\u001b[31mRegistration controller error\u001b[39m","requestId":"req_1768111550217_k6yqhxf2l","stack":"Error: An account with this email address already exists\n    at AuthService.createAuthError (D:\\dynamous-kiro-hackathon\\backend\\src\\services\\authService.ts:748:33)\n    at AuthService.register (D:\\dynamous-kiro-hackathon\\backend\\src\\services\\authService.ts:27:20)\n    at processTicksAndRejections (node:internal/process/task_queues:105:5)\n    at register (D:\\dynamous-kiro-hackathon\\backend\\src\\controllers\\authController.ts:25:20)","timestamp":"2026-01-11 11:35:50:3550","type":"EMAIL_ALREADY_EXISTS"}
{"email":"duplicate@example.com","error":"An account with this email address already exists","level":"\u001b[31merror\u001b[39m","message":"\u001b[31mRegistration controller error\u001b[39m","requestId":"req_1768111853623_qys12nkrn","stack":"Error: An account with this email address already exists\n    at AuthService.createAuthError (D:\\dynamous-kiro-hackathon\\backend\\src\\services\\authService.ts:748:33)\n    at AuthService.register (D:\\dynamous-kiro-hackathon\\backend\\src\\services\\authService.ts:27:20)\n    at processTicksAndRejections (node:internal/process/task_queues:105:5)\n    at register (D:\\dynamous-kiro-hackathon\\backend\\src\\controllers\\authController.ts:25:20)","timestamp":"2026-01-11 11:40:53:4053","type":"EMAIL_ALREADY_EXISTS"}
{"email":"duplicate@example.com","error":"An account with this email address already exists","level":"\u001b[31merror\u001b[39m","message":"\u001b[31mRegistration controller error\u001b[39m","requestId":"req_1768111989183_oxukff1rd","stack":"Error: An account with this email address already exists\n    at AuthService.createAuthError (D:\\dynamous-kiro-hackathon\\backend\\src\\services\\authService.ts:748:33)\n    at AuthService.register (D:\\dynamous-kiro-hackathon\\backend\\src\\services\\authService.ts:27:20)\n    at processTicksAndRejections (node:internal/process/task_queues:105:5)\n    at register (D:\\dynamous-kiro-hackathon\\backend\\src\\controllers\\authController.ts:25:20)","timestamp":"2026-01-11 11:43:09:439","type":"EMAIL_ALREADY_EXISTS"}
{"email":"duplicate@example.com","error":"An account with this email address already exists","level":"\u001b[31merror\u001b[39m","message":"\u001b[31mRegistration controller error\u001b[39m","requestId":"req_1768112098103_0qv4uo3ta","stack":"Error: An account with this email address already exists\n    at AuthService.createAuthError (D:\\dynamous-kiro-hackathon\\backend\\src\\services\\authService.ts:748:33)\n    at AuthService.register (D:\\dynamous-kiro-hackathon\\backend\\src\\services\\authService.ts:27:20)\n    at processTicksAndRejections (node:internal/process/task_queues:105:5)\n    at register (D:\\dynamous-kiro-hackathon\\backend\\src\\controllers\\authController.ts:25:20)","timestamp":"2026-01-11 11:44:58:4458","type":"EMAIL_ALREADY_EXISTS"}
{"email":"duplicate@example.com","error":"An account with this email address already exists","level":"\u001b[31merror\u001b[39m","message":"\u001b[31mRegistration controller error\u001b[39m","requestId":"req_1768112460054_jjf6hdy4w","stack":"Error: An account with this email address already exists\n    at AuthService.createAuthError (D:\\dynamous-kiro-hackathon\\backend\\src\\services\\authService.ts:748:33)\n    at AuthService.register (D:\\dynamous-kiro-hackathon\\backend\\src\\services\\authService.ts:27:20)\n    at processTicksAndRejections (node:internal/process/task_queues:105:5)\n    at register (D:\\dynamous-kiro-hackathon\\backend\\src\\controllers\\authController.ts:25:20)","timestamp":"2026-01-11 11:51:00:510","type":"EMAIL_ALREADY_EXISTS"}
{"email":"duplicate@example.com","error":"An account with this email address already exists","level":"\u001b[31merror\u001b[39m","message":"\u001b[31mRegistration controller error\u001b[39m","requestId":"req_1768112932125_c6t2k6cvs","stack":"Error: An account with this email address already exists\n    at AuthService.createAuthError (D:\\dynamous-kiro-hackathon\\backend\\src\\services\\authService.ts:748:33)\n    at AuthService.register (D:\\dynamous-kiro-hackathon\\backend\\src\\services\\authService.ts:27:20)\n    at processTicksAndRejections (node:internal/process/task_queues:105:5)\n    at register (D:\\dynamous-kiro-hackathon\\backend\\src\\controllers\\authController.ts:25:20)","timestamp":"2026-01-11 11:58:52:5852","type":"EMAIL_ALREADY_EXISTS"}
{"email":"duplicate@example.com","error":"An account with this email address already exists","level":"\u001b[31merror\u001b[39m","message":"\u001b[31mRegistration controller error\u001b[39m","requestId":"req_1768113056709_05f47m0is","stack":"Error: An account with this email address already exists\n    at AuthService.createAuthError (D:\\dynamous-kiro-hackathon\\backend\\src\\services\\authService.ts:748:33)\n    at AuthService.register (D:\\dynamous-kiro-hackathon\\backend\\src\\services\\authService.ts:27:20)\n    at processTicksAndRejections (node:internal/process/task_queues:105:5)\n    at register (D:\\dynamous-kiro-hackathon\\backend\\src\\controllers\\authController.ts:25:20)","timestamp":"2026-01-11 12:00:56:056","type":"EMAIL_ALREADY_EXISTS"}
{"error":"Cannot read properties of null (reading 'profile')","level":"\u001b[31merror\u001b[39m","message":"\u001b[31mError generating peer comparison\u001b[39m","timestamp":"2026-01-11 18:09:20:920","userId":"696399f51b56281951e60e9d"}
{"error":"Cannot read properties of null (reading 'profile')","level":"\u001b[31merror\u001b[39m","message":"\u001b[31mError generating peer comparison\u001b[39m","timestamp":"2026-01-11 18:09:22:922","userId":"696399f81b56281951e60fab"}
{"error":"No matching document found for id \"696399fa1b56281951e61080\" version 1 modifiedPaths \"milestones\"","level":"\u001b[31merror\u001b[39m","message":"\u001b[31mError achieving milestone\u001b[39m","progressId":"696399fa1b56281951e61080","timestamp":"2026-01-11 18:09:22:922","userId":"696399fa1b56281951e61071"}
{"activityData":{"description":"(NP","hoursSpent":0.1723875105381012,"moduleId":"xL&VkH\"\"u-+v","notes":"}TP'>!7j","qualityScore":8,"skillsAcquired":[":Y3Hvc ","p:5?","r_e L-3;Y","~%^?p","[Kc{5Gl"],"title":"(O^v8dy2","type":"assessment_taken","weeklyTargetId":"9X|-y'!.0RI"},"error":"No matching document found for id \"696399fa1b56281951e61080\" version 1 modifiedPaths \"milestones\"","level":"\u001b[31merror\u001b[39m","message":"\u001b[31mError recording activity\u001b[39m","timestamp":"2026-01-11 18:09:22:922","userId":"696399fa1b56281951e61071"}
{"error":"Client must be connected before running operations","level":"\u001b[31merror\u001b[39m","message":"\u001b[31mError creating progress snapshot\u001b[39m","progressId":"696399ff1b56281951e61258","timestamp":"2026-01-11 18:09:28:928","userId":"696399ff1b56281951e6123a"}
{"error":"Client must be connected before running operations","level":"\u001b[31merror\u001b[39m","message":"\u001b[31mError calculating progress percentages\u001b[39m","timestamp":"2026-01-11 18:09:28:928","userId":"696399ff1b56281951e6123a"}
{"error":"Client must be connected before running operations","level":"\u001b[31merror\u001b[39m","message":"\u001b[31mError generating dashboard data\u001b[39m","timestamp":"2026-01-11 18:09:28:928","userId":"696399ff1b56281951e6123a"}
{"error":"Client must be connected before running operations","level":"\u001b[31merror\u001b[39m","message":"\u001b[31mError recording activity\u001b[39m","progressId":"696399ff1b56281951e61281","timestamp":"2026-01-11 18:09:28:928","userId":"696399ff1b56281951e61266"}
{"activityData":{"description":"ubrM_","hoursSpent":0.12845240533351898,"moduleId":"p|hxI!Yt","notes":"gh>}G#D0l6O@","qualityScore":2,"skillsAcquired":["95d<B?>Hu{KV"],"title":"7.f3fJ","type":"reflection_completed","weeklyTargetId":"xn/w9K932"},"error":"Client must be connected before running operations","level":"\u001b[31merror\u001b[39m","message":"\u001b[31mError recording activity\u001b[39m","timestamp":"2026-01-11 18:09:28:928","userId":"696399ff1b56281951e61266"}
{"error":"Client must be connected before running operations","learningPathId":"69639a8462f0787f21998f59","level":"\u001b[31merror\u001b[39m","message":"\u001b[31mError initializing progress tracking\u001b[39m","timestamp":"2026-01-11 18:11:40:1140","userId":"69639a8362f0787f21998f51"}
{"activityData":{"description":"{sdYA6","hoursSpent":2.611389636993408,"moduleId":"key","notes":"0- ","qualityScore":3,"skillsAcquired":["z0|@&A#","$|y","k","|?#i\" !l${?\""],"title":" ","type":"discussion_participated","weeklyTargetId":"V:Rk@"},"error":"Activity title is required","level":"\u001b[31merror\u001b[39m","message":"\u001b[31mError recording activity\u001b[39m","timestamp":"2026-01-11 18:12:34:1234","userId":"69639abaa04bc62e8355db9b"}
{"activityData":{"description":"{sdYA6","hoursSpent":2.611389636993408,"moduleId":"key","notes":"0- ","qualityScore":3,"skillsAcquired":["z0|@&A#","$|y","k","|?#i\" !l${?\""],"title":" ","type":"discussion_participated","weeklyTargetId":"V:Rk@"},"error":"Activity title is required","level":"\u001b[31merror\u001b[39m","message":"\u001b[31mError recording activity\u001b[39m","timestamp":"2026-01-11 18:12:34:1234","userId":"69639abaa04bc62e8355dbab"}
{"activityData":{"description":"{sdYA6","hoursSpent":2.611389636993408,"moduleId":"key","notes":"0- ","qualityScore":3,"skillsAcquired":["z0|@&A#","$|y","k","|?#i\" !l${?\""],"title":" ","type":"discussion_participated","weeklyTargetId":"V:Rk@"},"error":"Activity title is required","level":"\u001b[31merror\u001b[39m","message":"\u001b[31mError recording activity\u001b[39m","timestamp":"2026-01-11 18:12:35:1235","userId":"69639abaa04bc62e8355dbbb"}
{"activityData":{"description":"{sdYA6","hoursSpent":2.611389636993408,"moduleId":"key","notes":"0- ","qualityScore":3,"skillsAcquired":["z0|@&A#","$|y","k","|?#i\" !l${?\""],"title":" ","type":"discussion_participated","weeklyTargetId":"V:Rk@"},"error":"Activity title is required","level":"\u001b[31merror\u001b[39m","message":"\u001b[31mError recording activity\u001b[39m","timestamp":"2026-01-11 18:12:35:1235","userId":"69639abba04bc62e8355dbcb"}
{"activityData":{"description":"{sdYA6","hoursSpent":2.611389636993408,"moduleId":"key","notes":"0- ","qualityScore":3,"skillsAcquired":["z0|@&A#","$|y","k","|?#i\" !l${?\""],"title":" ","type":"discussion_participated","weeklyTargetId":"V:Rk@"},"error":"Activity title is required","level":"\u001b[31merror\u001b[39m","message":"\u001b[31mError recording activity\u001b[39m","timestamp":"2026-01-11 18:12:35:1235","userId":"69639abba04bc62e8355dbdb"}
{"activityData":{"description":"{sdYA6","hoursSpent":2.611389636993408,"moduleId":"key","notes":"0- ","qualityScore":3,"skillsAcquired":["z0|@&A#","$|y","k","|?#i\" !l${?\""],"title":" ","type":"discussion_participated","weeklyTargetId":"V:Rk@"},"error":"Activity title is required","level":"\u001b[31merror\u001b[39m","message":"\u001b[31mError recording activity\u001b[39m","timestamp":"2026-01-11 18:12:36:1236","userId":"69639abba04bc62e8355dbeb"}
{"activityData":{"description":"{sdYA6","hoursSpent":2.611389636993408,"moduleId":"key","notes":"0- ","qualityScore":3,"skillsAcquired":["z0|@&A#","$|y","k","|?#i\" !l${?\""],"title":" ","type":"discussion_participated","weeklyTargetId":"V:Rk@"},"error":"Activity title is required","level":"\u001b[31merror\u001b[39m","message":"\u001b[31mError recording activity\u001b[39m","timestamp":"2026-01-11 18:12:36:1236","userId":"69639abca04bc62e8355dbfb"}
{"activityData":{"description":"{sdYA6","hoursSpent":2.611389636993408,"moduleId":"key","notes":"0- ","qualityScore":3,"skillsAcquired":["z0|@&A#","$|y","k","|?#i\" !l${?\""],"title":" ","type":"discussion_participated","weeklyTargetId":"V:Rk@"},"error":"Activity title is required","level":"\u001b[31merror\u001b[39m","message":"\u001b[31mError recording activity\u001b[39m","timestamp":"2026-01-11 18:12:36:1236","userId":"69639abca04bc62e8355dc0b"}
{"error":"Progress validation failed: activities.3.hoursSpent: Cast to Number failed for value \"NaN\" (type number) at path \"hoursSpent\"","level":"\u001b[31merror\u001b[39m","message":"\u001b[31mError recording activity\u001b[39m","progressId":"69639b1693af92e853a0af01","timestamp":"2026-01-11 18:14:06:146","userId":"69639b1693af92e853a0aefa"}
{"activityData":{"description":"apply","hoursSpent":null,"notes":"j2s'n'a","qualityScore":4,"skillsAcquired":["wi{ijc+p","is"],"title":"UYP2+","type":"in_progress","weeklyTargetId":",5"},"error":"Progress validation failed: activities.3.hoursSpent: Cast to Number failed for value \"NaN\" (type number) at path \"hoursSpent\"","level":"\u001b[31merror\u001b[39m","message":"\u001b[31mError recording activity\u001b[39m","timestamp":"2026-01-11 18:14:06:146","userId":"69639b1693af92e853a0aefa"}
{"error":"Progress validation failed: activities.3.hoursSpent: Cast to Number failed for value \"NaN\" (type number) at path \"hoursSpent\"","level":"\u001b[31merror\u001b[39m","message":"\u001b[31mError recording activity\u001b[39m","progressId":"69639b1693af92e853a0af19","timestamp":"2026-01-11 18:14:06:146","userId":"69639b1693af92e853a0af12"}
{"activityData":{"description":"apply","hoursSpent":null,"notes":"j2s'n'a","qualityScore":4,"skillsAcquired":["wi{ijc+p","is"],"title":"UYP2+","type":"in_progress","weeklyTargetId":",5"},"error":"Progress validation failed: activities.3.hoursSpent: Cast to Number failed for value \"NaN\" (type number) at path \"hoursSpent\"","level":"\u001b[31merror\u001b[39m","message":"\u001b[31mError recording activity\u001b[39m","timestamp":"2026-01-11 18:14:06:146","userId":"69639b1693af92e853a0af12"}
{"error":"Progress validation failed: activities.3.hoursSpent: Cast to Number failed for value \"NaN\" (type number) at path \"hoursSpent\"","level":"\u001b[31merror\u001b[39m","message":"\u001b[31mError recording activity\u001b[39m","progressId":"69639b1793af92e853a0af31","timestamp":"2026-01-11 18:14:07:147","userId":"69639b1693af92e853a0af2a"}
{"activityData":{"description":"apply","hoursSpent":null,"notes":"j2s'n'a","qualityScore":4,"skillsAcquired":["wi{ijc+p","is"],"title":"UYP2+","type":"in_progress","weeklyTargetId":",5"},"error":"Progress validation failed: activities.3.hoursSpent: Cast to Number failed for value \"NaN\" (type number) at path \"hoursSpent\"","level":"\u001b[31merror\u001b[39m","message":"\u001b[31mError recording activity\u001b[39m","timestamp":"2026-01-11 18:14:07:147","userId":"69639b1693af92e853a0af2a"}
{"error":"Progress validation failed: activities.3.hoursSpent: Cast to Number failed for value \"NaN\" (type number) at path \"hoursSpent\"","level":"\u001b[31merror\u001b[39m","message":"\u001b[31mError recording activity\u001b[39m","progressId":"69639b1793af92e853a0af49","timestamp":"2026-01-11 18:14:07:147","userId":"69639b1793af92e853a0af42"}
{"activityData":{"description":"apply","hoursSpent":null,"notes":"j2s'n'a","qualityScore":4,"skillsAcquired":["wi{ijc+p","is"],"title":"UYP2+","type":"in_progress","weeklyTargetId":",5"},"error":"Progress validation failed: activities.3.hoursSpent: Cast to Number failed for value \"NaN\" (type number) at path \"hoursSpent\"","level":"\u001b[31merror\u001b[39m","message":"\u001b[31mError recording activity\u001b[39m","timestamp":"2026-01-11 18:14:07:147","userId":"69639b1793af92e853a0af42"}
{"error":"Progress validation failed: activities.3.hoursSpent: Cast to Number failed for value \"NaN\" (type number) at path \"hoursSpent\"","level":"\u001b[31merror\u001b[39m","message":"\u001b[31mError recording activity\u001b[39m","progressId":"69639b1793af92e853a0af61","timestamp":"2026-01-11 18:14:07:147","userId":"69639b1793af92e853a0af5a"}
{"activityData":{"description":"apply","hoursSpent":null,"notes":"j2s'n'a","qualityScore":4,"skillsAcquired":["wi{ijc+p","is"],"title":"UYP2+","type":"in_progress","weeklyTargetId":",5"},"error":"Progress validation failed: activities.3.hoursSpent: Cast to Number failed for value \"NaN\" (type number) at path \"hoursSpent\"","level":"\u001b[31merror\u001b[39m","message":"\u001b[31mError recording activity\u001b[39m","timestamp":"2026-01-11 18:14:07:147","userId":"69639b1793af92e853a0af5a"}
{"error":"Progress validation failed: activities.3.hoursSpent: Cast to Number failed for value \"NaN\" (type number) at path \"hoursSpent\"","level":"\u001b[31merror\u001b[39m","message":"\u001b[31mError recording activity\u001b[39m","progressId":"69639b1893af92e853a0af79","timestamp":"2026-01-11 18:14:08:148","userId":"69639b1793af92e853a0af72"}
{"activityData":{"description":"apply","hoursSpent":null,"notes":"j2s'n'a","qualityScore":4,"skillsAcquired":["wi{ijc+p","is"],"title":"UYP2+","type":"in_progress","weeklyTargetId":",5"},"error":"Progress validation failed: activities.3.hoursSpent: Cast to Number failed for value \"NaN\" (type number) at path \"hoursSpent\"","level":"\u001b[31merror\u001b[39m","message":"\u001b[31mError recording activity\u001b[39m","timestamp":"2026-01-11 18:14:08:148","userId":"69639b1793af92e853a0af72"}
{"error":"Progress validation failed: activities.3.hoursSpent: Cast to Number failed for value \"NaN\" (type number) at path \"hoursSpent\"","level":"\u001b[31merror\u001b[39m","message":"\u001b[31mError recording activity\u001b[39m","progressId":"69639b1893af92e853a0af91","timestamp":"2026-01-11 18:14:08:148","userId":"69639b1893af92e853a0af8a"}
{"activityData":{"description":"apply","hoursSpent":null,"notes":"j2s'n'a","qualityScore":4,"skillsAcquired":["wi{ijc+p","is"],"title":"UYP2+","type":"in_progress","weeklyTargetId":",5"},"error":"Progress validation failed: activities.3.hoursSpent: Cast to Number failed for value \"NaN\" (type number) at path \"hoursSpent\"","level":"\u001b[31merror\u001b[39m","message":"\u001b[31mError recording activity\u001b[39m","timestamp":"2026-01-11 18:14:08:148","userId":"69639b1893af92e853a0af8a"}
{"error":"Progress validation failed: activities.3.hoursSpent: Cast to Number failed for value \"NaN\" (type number) at path \"hoursSpent\"","level":"\u001b[31merror\u001b[39m","message":"\u001b[31mError recording activity\u001b[39m","progressId":"69639b2093af92e853a0afe4","timestamp":"2026-01-11 18:14:16:1416","userId":"69639b1f93af92e853a0afd8"}
{"activityData":{"description":"apply","hoursSpent":null,"notes":"j2s'n'a","qualityScore":4,"skillsAcquired":["wi{ijc+p","is"],"title":"UYP2+","type":"in_progress","weeklyTargetId":",5"},"error":"Progress validation failed: activities.3.hoursSpent: Cast to Number failed for value \"NaN\" (type number) at path \"hoursSpent\"","level":"\u001b[31merror\u001b[39m","message":"\u001b[31mError recording activity\u001b[39m","timestamp":"2026-01-11 18:14:16:1416","userId":"69639b1f93af92e853a0afd8"}
{"error":"Progress validation failed: activities.3.hoursSpent: Cast to Number failed for value \"NaN\" (type number) at path \"hoursSpent\"","level":"\u001b[31merror\u001b[39m","message":"\u001b[31mError recording activity\u001b[39m","progressId":"69639b2a93af92e853a0b0d2","timestamp":"2026-01-11 18:14:26:1426","userId":"69639b2993af92e853a0b0c1"}
{"activityData":{"description":"apply","hoursSpent":null,"notes":"j2s'n'a","qualityScore":4,"skillsAcquired":["wi{ijc+p","is"],"title":"UYP2+","type":"in_progress","weeklyTargetId":",5"},"error":"Progress validation failed: activities.3.hoursSpent: Cast to Number failed for value \"NaN\" (type number) at path \"hoursSpent\"","level":"\u001b[31merror\u001b[39m","message":"\u001b[31mError recording activity\u001b[39m","timestamp":"2026-01-11 18:14:26:1426","userId":"69639b2993af92e853a0b0c1"}
{"error":"Client must be connected before running operations","level":"\u001b[31merror\u001b[39m","message":"\u001b[31mError updating learning path progress\u001b[39m","progressId":"69639b3393af92e853a0b21d","timestamp":"2026-01-11 18:14:36:1436","weeklyTargetId":"R0[Tz*CTc7gg"}
{"activityData":{"description":">","hoursSpent":2.3267903327941895,"moduleId":"i9C`@","notes":"~.[[%uZ(A","qualityScore":1,"skillsAcquired":["FK"],"title":"_$8\"IVuVg","type":"project_submitted"},"error":"Client must be connected before running operations","level":"\u001b[31merror\u001b[39m","message":"\u001b[31mError recording activity\u001b[39m","timestamp":"2026-01-11 18:14:36:1436","userId":"69639b3393af92e853a0b209"}
{"error":"Client must be connected before running operations","level":"\u001b[31merror\u001b[39m","message":"\u001b[31mError achieving milestone\u001b[39m","progressId":"69639b3293af92e853a0b1ef","timestamp":"2026-01-11 18:14:36:1436","userId":"69639b3193af92e853a0b1d9"}
{"activityData":{"hoursSpent":6.017824649810791,"moduleId":".Mn6EU|","notes":"DOp&b5i","qualityScore":8,"skillsAcquired":["t'\"M^m","S5xP",")m"],"title":"~w","type":"resource_accessed","weeklyTargetId":"5U"},"error":"Client must be connected before running operations","level":"\u001b[31merror\u001b[39m","message":"\u001b[31mError recording activity\u001b[39m","timestamp":"2026-01-11 18:14:36:1436","userId":"69639b3193af92e853a0b1d9"}
{"email":"duplicate@example.com","error":"An account with this email address already exists","level":"\u001b[31merror\u001b[39m","message":"\u001b[31mRegistration controller error\u001b[39m","requestId":"req_1768135675724_kv46olffi","stack":"Error: An account with this email address already exists\n    at AuthService.createAuthError (D:\\dynamous-kiro-hackathon\\backend\\src\\services\\authService.ts:748:33)\n    at AuthService.register (D:\\dynamous-kiro-hackathon\\backend\\src\\services\\authService.ts:27:20)\n    at processTicksAndRejections (node:internal/process/task_queues:105:5)\n    at register (D:\\dynamous-kiro-hackathon\\backend\\src\\controllers\\authController.ts:25:20)","timestamp":"2026-01-11 18:17:55:1755","type":"EMAIL_ALREADY_EXISTS"}
{"error":"Progress tracking not found for user","level":"\u001b[31merror\u001b[39m","message":"\u001b[31mError generating peer comparison\u001b[39m","timestamp":"2026-01-11 18:18:01:181","userId":"69639bff63325a275bc223c8"}
{"error":"Client must be connected before running operations","level":"\u001b[31merror\u001b[39m","message":"\u001b[31mError updating learning path progress\u001b[39m","progressId":"69639c0563325a275bc224b0","timestamp":"2026-01-11 18:18:05:185","weeklyTargetId":"^"}
{"activityData":{"description":"kG['xQ","hoursSpent":1.7048346996307373,"moduleId":"qH{JIh","notes":"ZN6/Hm","qualityScore":4,"skillsAcquired":["Y.*cCA|X-R","}M","zFoOE^","uE|I-e","o"],"title":"cUx","type":"weekly_target_completed","weeklyTargetId":" A"},"error":"Client must be connected before running operations","level":"\u001b[31merror\u001b[39m","message":"\u001b[31mError recording activity\u001b[39m","timestamp":"2026-01-11 18:18:05:185","userId":"69639c0463325a275bc224a0"}
{"email":"test-1768135829379@example.com","error":"No matching document found for id \"69639c95584babcb769a6677\" version 0 modifiedPaths \"security, security.refreshTokens\"","level":"\u001b[31merror\u001b[39m","message":"\u001b[31mRegistration failed\u001b[39m","stack":"VersionError: No matching document found for id \"69639c95584babcb769a6677\" version 0 modifiedPaths \"security, security.refreshTokens\"\n    at generateVersionError (D:\\dynamous-kiro-hackathon\\backend\\node_modules\\mongoose\\lib\\model.js:460:10)\n    at model.save (D:\\dynamous-kiro-hackathon\\backend\\node_modules\\mongoose\\lib\\model.js:517:28)\n    at model.Object.<anonymous>.userSchema.methods.addRefreshToken (D:\\dynamous-kiro-hackathon\\backend\\src\\models\\User.ts:455:23)\n    at AuthService.register (D:\\dynamous-kiro-hackathon\\backend\\src\\services\\authService.ts:113:18)\n    at processTicksAndRejections (node:internal/process/task_queues:105:5)\n    at register (D:\\dynamous-kiro-hackathon\\backend\\src\\controllers\\authController.ts:25:20)","timestamp":"2026-01-11 18:20:29:2029"}
{"email":"test-1768135829379@example.com","error":"Registration failed due to server error","level":"\u001b[31merror\u001b[39m","message":"\u001b[31mRegistration controller error\u001b[39m","requestId":"req_1768135829405_17xi4nhki","stack":"Error: Registration failed due to server error\n    at AuthService.createAuthError (D:\\dynamous-kiro-hackathon\\backend\\src\\services\\authService.ts:748:33)\n    at AuthService.register (D:\\dynamous-kiro-hackathon\\backend\\src\\services\\authService.ts:146:18)\n    at processTicksAndRejections (node:internal/process/task_queues:105:5)\n    at register (D:\\dynamous-kiro-hackathon\\backend\\src\\controllers\\authController.ts:25:20)","timestamp":"2026-01-11 18:20:29:2029","type":"OAUTH_ERROR"}
{"email":"duplicate@example.com","error":"An account with this email address already exists","level":"\u001b[31merror\u001b[39m","message":"\u001b[31mRegistration controller error\u001b[39m","requestId":"req_1768135831011_ep9ocdo2n","stack":"Error: An account with this email address already exists\n    at AuthService.createAuthError (D:\\dynamous-kiro-hackathon\\backend\\src\\services\\authService.ts:748:33)\n    at AuthService.register (D:\\dynamous-kiro-hackathon\\backend\\src\\services\\authService.ts:27:20)\n    at processTicksAndRejections (node:internal/process/task_queues:105:5)\n    at register (D:\\dynamous-kiro-hackathon\\backend\\src\\controllers\\authController.ts:25:20)","timestamp":"2026-01-11 18:20:31:2031","type":"EMAIL_ALREADY_EXISTS"}
{"error":"Progress tracking not found for user","level":"\u001b[31merror\u001b[39m","message":"\u001b[31mError generating peer comparison\u001b[39m","timestamp":"2026-01-11 18:20:36:2036","userId":"69639c9ad4added31f138828"}
{"activityData":{"description":"valu","hoursSpent":0.8388065695762634,"moduleId":"1DVt||?5t","notes":"c@FX","qualityScore":2,"skillsAcquired":["b*","Dyo V=6@1","^wr,XeSlEg]>"],"title":"y_","type":"weekly_target_completed","weeklyTargetId":"E\\9S"},"error":"Client must be connected before running operations","level":"\u001b[31merror\u001b[39m","message":"\u001b[31mError recording activity\u001b[39m","timestamp":"2026-01-11 18:20:40:2040","userId":"69639c9fd4added31f138903"}
{"email":"duplicate@example.com","error":"An account with this email address already exists","level":"\u001b[31merror\u001b[39m","message":"\u001b[31mRegistration controller error\u001b[39m","requestId":"req_1768136509285_vs2g3qd4s","stack":"Error: An account with this email address already exists\n    at AuthService.createAuthError (D:\\dynamous-kiro-hackathon\\backend\\src\\services\\authService.ts:748:33)\n    at AuthService.register (D:\\dynamous-kiro-hackathon\\backend\\src\\services\\authService.ts:27:20)\n    at processTicksAndRejections (node:internal/process/task_queues:105:5)\n    at register (D:\\dynamous-kiro-hackathon\\backend\\src\\controllers\\authController.ts:25:20)","timestamp":"2026-01-11 18:31:49:3149","type":"EMAIL_ALREADY_EXISTS"}
{"activityData":{"description":"`JG}YO","hoursSpent":0.20199769735336304,"moduleId":"qbSFJ","notes":"U'RiBW","qualityScore":4,"skillsAcquired":["@]NrM)&63Zz*","|","n2eXs5","6rD [\"x"],"title":"YRFbO(d,r2vB","type":"task_completed","weeklyTargetId":"Y]Z"},"error":"Progress tracking not found for user","level":"\u001b[31merror\u001b[39m","message":"\u001b[31mError recording activity\u001b[39m","timestamp":"2026-01-11 18:31:50:3150","userId":"69639f3d7927a289ac9d3995"}
{"error":"Learning path not found","level":"\u001b[31merror\u001b[39m","message":"\u001b[31mError generating dashboard data\u001b[39m","timestamp":"2026-01-11 18:31:57:3157","userId":"69639f437927a289ac9d3a96"}
{"error":"Progress tracking not found for user","level":"\u001b[31merror\u001b[39m","message":"\u001b[31mError generating peer comparison\u001b[39m","timestamp":"2026-01-11 18:31:58:3158","userId":"69639f427927a289ac9d3a83"}
{"email":"duplicate@example.com","error":"An account with this email address already exists","level":"\u001b[31merror\u001b[39m","message":"\u001b[31mRegistration controller error\u001b[39m","requestId":"req_1768137097104_9mv36nml7","stack":"Error: An account with this email address already exists\n    at AuthService.createAuthError (D:\\dynamous-kiro-hackathon\\backend\\src\\services\\authService.ts:748:33)\n    at AuthService.register (D:\\dynamous-kiro-hackathon\\backend\\src\\services\\authService.ts:27:20)\n    at processTicksAndRejections (node:internal/process/task_queues:105:5)\n    at register (D:\\dynamous-kiro-hackathon\\backend\\src\\controllers\\authController.ts:25:20)","timestamp":"2026-01-11 18:41:37:4137","type":"EMAIL_ALREADY_EXISTS"}
{"error":"Client must be connected before running operations","level":"\u001b[31merror\u001b[39m","message":"\u001b[31mError recording activity\u001b[39m","progressId":"6963a193427479145e6a9a7d","timestamp":"2026-01-11 18:41:48:4148","userId":"6963a193427479145e6a9a6c"}
{"activityData":{"description":"ilengthup","hoursSpent":0.23962005972862244,"moduleId":"`h","notes":" ","qualityScore":8,"skillsAcquired":["\""],"title":"kz>","type":"module_completed","weeklyTargetId":")[_Cw"},"error":"Client must be connected before running operations","level":"\u001b[31merror\u001b[39m","message":"\u001b[31mError recording activity\u001b[39m","timestamp":"2026-01-11 18:41:48:4148","userId":"6963a193427479145e6a9a6c"}
{"error":"Cast to ObjectId failed for value \"test-user-1\" (type string) at path \"_id\" for model \"User\"","level":"\u001b[31merror\u001b[39m","message":"\u001b[31mError creating notification\u001b[39m","timestamp":"2026-01-11 20:18:23:1823","type":"weekly_target_reminder","userId":"test-user-1"}
{"error":"Cast to ObjectId failed for value \"test-user-1\" (type string) at path \"_id\" for model \"User\"","level":"\u001b[31merror\u001b[39m","message":"\u001b[31mError creating notification from template\u001b[39m","templateData":{"estimatedHours":5,"firstName":"John","learningPathUrl":"/learning-path/123","moduleTitle":"Frontend Development","targetTitle":"Complete React Basics","totalTargets":2,"weekNumber":3},"timestamp":"2026-01-11 20:18:23:1823","type":"weekly_target_reminder","userId":"test-user-1"}
{"email":"duplicate@example.com","error":"An account with this email address already exists","level":"\u001b[31merror\u001b[39m","message":"\u001b[31mRegistration controller error\u001b[39m","requestId":"req_1768143060073_l7t7h6ry5","stack":"Error: An account with this email address already exists\n    at AuthService.createAuthError (D:\\dynamous-kiro-hackathon\\backend\\src\\services\\authService.ts:748:33)\n    at AuthService.register (D:\\dynamous-kiro-hackathon\\backend\\src\\services\\authService.ts:27:20)\n    at processTicksAndRejections (node:internal/process/task_queues:105:5)\n    at register (D:\\dynamous-kiro-hackathon\\backend\\src\\controllers\\authController.ts:25:20)","timestamp":"2026-01-11 20:21:00:210","type":"EMAIL_ALREADY_EXISTS"}
{"error":"Client must be connected before running operations","level":"\u001b[31merror\u001b[39m","message":"\u001b[31mError recording activity\u001b[39m","progressId":"6963b8dd9dadaea1f17e9168","timestamp":"2026-01-11 20:21:10:2110","userId":"6963b8dc9dadaea1f17e915d"}
{"activityData":{"hoursSpent":3.6334216594696045,"moduleId":"3aIj13L","notes":"dW","qualityScore":9,"skillsAcquired":[";s!ctPWC","x-"],"title":"4n`V1m","type":"skill_practiced"},"error":"Client must be connected before running operations","level":"\u001b[31merror\u001b[39m","message":"\u001b[31mError recording activity\u001b[39m","timestamp":"2026-01-11 20:21:10:2110","userId":"6963b8dc9dadaea1f17e915d"}
{"email":"duplicate@example.com","error":"An account with this email address already exists","level":"\u001b[31merror\u001b[39m","message":"\u001b[31mRegistration controller error\u001b[39m","requestId":"req_1768144391371_llzo8yjxq","stack":"Error: An account with this email address already exists\n    at AuthService.createAuthError (D:\\dynamous-kiro-hackathon\\backend\\src\\services\\authService.ts:748:33)\n    at AuthService.register (D:\\dynamous-kiro-hackathon\\backend\\src\\services\\authService.ts:27:20)\n    at processTicksAndRejections (node:internal/process/task_queues:105:5)\n    at register (D:\\dynamous-kiro-hackathon\\backend\\src\\controllers\\authController.ts:25:20)","timestamp":"2026-01-11 20:43:11:4311","type":"EMAIL_ALREADY_EXISTS"}
{"error":"Client must be connected before running operations","level":"\u001b[31merror\u001b[39m","message":"\u001b[31mError calculating progress percentages\u001b[39m","timestamp":"2026-01-11 20:43:19:4319","userId":"6963be0dc2e9dfe3f22d1ee3"}
{"error":"Client must be connected before running operations","level":"\u001b[31merror\u001b[39m","message":"\u001b[31mError generating dashboard data\u001b[39m","timestamp":"2026-01-11 20:43:19:4319","userId":"6963be0dc2e9dfe3f22d1ee3"}
{"email":"duplicate@example.com","error":"An account with this email address already exists","level":"\u001b[31merror\u001b[39m","message":"\u001b[31mRegistration controller error\u001b[39m","requestId":"req_1768144533676_5hrao9txa","stack":"Error: An account with this email address already exists\n    at AuthService.createAuthError (D:\\dynamous-kiro-hackathon\\backend\\src\\services\\authService.ts:748:33)\n    at AuthService.register (D:\\dynamous-kiro-hackathon\\backend\\src\\services\\authService.ts:27:20)\n    at processTicksAndRejections (node:internal/process/task_queues:105:5)\n    at register (D:\\dynamous-kiro-hackathon\\backend\\src\\controllers\\authController.ts:25:20)","timestamp":"2026-01-11 20:45:33:4533","type":"EMAIL_ALREADY_EXISTS"}
{"activityData":{"description":"4T-?(v-] Dv6","hoursSpent":1.620944857597351,"moduleId":"c","notes":"[$udwEY","qualityScore":10,"skillsAcquired":["I*y}k'S"],"title":"&6At.]","type":"skill_practiced","weeklyTargetId":"l/"},"error":"Progress tracking not found for user","level":"\u001b[31merror\u001b[39m","message":"\u001b[31mError recording activity\u001b[39m","timestamp":"2026-01-11 20:45:38:4538","userId":"6963be99144a018b0b00f1aa"}
{"email":"duplicate@example.com","error":"An account with this email address already exists","level":"\u001b[31merror\u001b[39m","message":"\u001b[31mRegistration controller error\u001b[39m","requestId":"req_1768145489991_ltqsiexg0","stack":"Error: An account with this email address already exists\n    at AuthService.createAuthError (D:\\dynamous-kiro-hackathon\\backend\\src\\services\\authService.ts:748:33)\n    at AuthService.register (D:\\dynamous-kiro-hackathon\\backend\\src\\services\\authService.ts:27:20)\n    at processTicksAndRejections (node:internal/process/task_queues:105:5)\n    at register (D:\\dynamous-kiro-hackathon\\backend\\src\\controllers\\authController.ts:25:20)","timestamp":"2026-01-11 21:01:30:130","type":"EMAIL_ALREADY_EXISTS"}
{"error":"Client must be connected before running operations","level":"\u001b[31merror\u001b[39m","message":"\u001b[31mError recording activity\u001b[39m","progressId":"6963c25bc2b8792356a59f8c","timestamp":"2026-01-11 21:01:40:140","userId":"6963c25ac2b8792356a59f81"}
{"activityData":{"description":"g","hoursSpent":1.9849566221237183,"moduleId":"'","notes":"hFD!yA=*?","qualityScore":2,"skillsAcquired":["S7qM","*[DXd'0","Oo:f/Z{C","jke$[}>JYJ","cCeaY)KjS"],"title":"@Snm` DldM+","type":"reflection_completed","weeklyTargetId":" OLm"},"error":"Client must be connected before running operations","level":"\u001b[31merror\u001b[39m","message":"\u001b[31mError recording activity\u001b[39m","timestamp":"2026-01-11 21:01:40:140","userId":"6963c25ac2b8792356a59f81"}
{"email":"duplicate@example.com","error":"An account with this email address already exists","level":"\u001b[31merror\u001b[39m","message":"\u001b[31mRegistration controller error\u001b[39m","requestId":"req_1768211976145_ap12mi4cd","stack":"Error: An account with this email address already exists\n    at AuthService.createAuthError (D:\\dynamous-kiro-hackathon\\backend\\src\\services\\authService.ts:748:33)\n    at AuthService.register (D:\\dynamous-kiro-hackathon\\backend\\src\\services\\authService.ts:27:20)\n    at processTicksAndRejections (node:internal/process/task_queues:105:5)\n    at register (D:\\dynamous-kiro-hackathon\\backend\\src\\controllers\\authController.ts:25:20)","timestamp":"2026-01-12 15:29:36:2936","type":"EMAIL_ALREADY_EXISTS"}
{"activityData":{"hoursSpent":2.3571090698242188,"moduleId":"'ka","notes":"}\"&7","qualityScore":2,"skillsAcquired":["%","r5",">`~","!","1)MPuFR"],"title":"*-8p","type":"module_completed"},"error":"Progress tracking not found for user","level":"\u001b[31merror\u001b[39m","message":"\u001b[31mError recording activity\u001b[39m","timestamp":"2026-01-12 15:29:44:2944","userId":"6964c6100d6c071650509d22"}
{"error":"Client must be connected before running operations","level":"\u001b[31merror\u001b[39m","message":"\u001b[31mError updating learning path progress\u001b[39m","progressId":"6964c6150d6c071650509e31","timestamp":"2026-01-12 15:29:49:2949","weeklyTargetId":"j$1~"}
{"error":"Client must be connected before running operations","level":"\u001b[31merror\u001b[39m","message":"\u001b[31mError generating dashboard data\u001b[39m","timestamp":"2026-01-12 15:29:49:2949","userId":"6964c6140d6c071650509e27"}
{"error":"Client must be connected before running operations","level":"\u001b[31merror\u001b[39m","message":"\u001b[31mError recording activity\u001b[39m","progressId":"6964c6150d6c071650509e42","timestamp":"2026-01-12 15:29:49:2949","userId":"6964c6150d6c071650509e2f"}
{"activityData":{"description":"F_dPHpFg-t","hoursSpent":7.999999523162842,"moduleId":"1","qualityScore":3,"skillsAcquired":["Jl:<","Yc"],"title":"zbf&}e","type":"module_completed","weeklyTargetId":"!~#&"},"error":"Client must be connected before running operations","level":"\u001b[31merror\u001b[39m","message":"\u001b[31mError recording activity\u001b[39m","timestamp":"2026-01-12 15:29:49:2949","userId":"6964c6150d6c071650509e2f"}
{"error":"Cannot read properties of null (reading 'profile')","level":"\u001b[31merror\u001b[39m","message":"\u001b[31mError generating peer comparison\u001b[39m","timestamp":"2026-01-12 15:30:00:300","userId":"6964c61b0d6c071650509e6e"}
{"error":"Cannot read properties of null (reading 'profile')","level":"\u001b[31merror\u001b[39m","message":"\u001b[31mError generating peer comparison\u001b[39m","timestamp":"2026-01-12 15:30:06:306","userId":"6964c6200d6c071650509ed5"}
{"error":"No matching document found for id \"6964c7f696d02cb5d7dffb51\" version 6 modifiedPaths \"activities, streaks, streaks.lastActivityDate\"","level":"\u001b[31merror\u001b[39m","message":"\u001b[31mError recording activity\u001b[39m","progressId":"6964c7f696d02cb5d7dffb51","timestamp":"2026-01-12 15:37:51:3751","userId":"6964c7f496d02cb5d7dffb45"}
{"activityData":{"description":"eOL}}19RC2U","hoursSpent":1.479748010635376,"qualityScore":5,"skillsAcquired":["r","&\\k","O-H\\A","1nij0DTEb0^x"],"title":"^Id","type":"assessment_taken","weeklyTargetId":"Tbr<B5|"},"error":"No matching document found for id \"6964c7f696d02cb5d7dffb51\" version 6 modifiedPaths \"activities, streaks, streaks.lastActivityDate\"","level":"\u001b[31merror\u001b[39m","message":"\u001b[31mError recording activity\u001b[39m","timestamp":"2026-01-12 15:37:51:3751","userId":"6964c7f496d02cb5d7dffb45"}
{"error":"Client must be connected before running operations","level":"\u001b[31merror\u001b[39m","message":"\u001b[31mError recording activity\u001b[39m","progressId":"6964c7fc96d02cb5d7dffbd9","timestamp":"2026-01-12 15:37:57:3757","userId":"6964c7fa96d02cb5d7dffbaa"}
{"activityData":{"hoursSpent":0.10000007599592209,"moduleId":" ","notes":"K<}","qualityScore":2,"skillsAcquired":["_t~D(`Vu/h","i*(im?YB","&buzs","qS*7H"],"title":"uX0{q}bg_E$N","type":"assessment_taken","weeklyTargetId":"Y"},"error":"Client must be connected before running operations","level":"\u001b[31merror\u001b[39m","message":"\u001b[31mError recording activity\u001b[39m","timestamp":"2026-01-12 15:37:57:3757","userId":"6964c7fa96d02cb5d7dffbaa"}
{"error":"Client must be connected before running operations","level":"\u001b[31merror\u001b[39m","message":"\u001b[31mError updating learning path progress\u001b[39m","progressId":"6964c7fa96d02cb5d7dffb95","timestamp":"2026-01-12 15:37:57:3757","weeklyTargetId":"$:2*-Qvhl`e"}
{"activityData":{"description":"lR","hoursSpent":0.5018720030784607,"moduleId":"JS7)\\t?0-W@","qualityScore":1,"skillsAcquired":["`2xRM\"wh","40*fI]!45"],"title":"6d,}]7-]>g","type":"weekly_target_completed","weeklyTargetId":"qAvmi"},"error":"Client must be connected before running operations","level":"\u001b[31merror\u001b[39m","message":"\u001b[31mError recording activity\u001b[39m","timestamp":"2026-01-12 15:37:57:3757","userId":"6964c7f796d02cb5d7dffb7a"}
{"email":"duplicate@example.com","error":"An account with this email address already exists","level":"\u001b[31merror\u001b[39m","message":"\u001b[31mRegistration controller error\u001b[39m","requestId":"req_1768212483979_gwah7iygs","stack":"Error: An account with this email address already exists\n    at AuthService.createAuthError (D:\\dynamous-kiro-hackathon\\backend\\src\\services\\authService.ts:748:33)\n    at AuthService.register (D:\\dynamous-kiro-hackathon\\backend\\src\\services\\authService.ts:27:20)\n    at processTicksAndRejections (node:internal/process/task_queues:105:5)\n    at register (D:\\dynamous-kiro-hackathon\\backend\\src\\controllers\\authController.ts:25:20)","timestamp":"2026-01-12 15:38:04:384","type":"EMAIL_ALREADY_EXISTS"}
{"error":"Cannot read properties of null (reading 'profile')","level":"\u001b[31merror\u001b[39m","message":"\u001b[31mError generating peer comparison\u001b[39m","timestamp":"2026-01-12 15:38:14:3814","userId":"6964c80396d02cb5d7dffbfb"}
{"error":"Cannot read properties of null (reading 'profile')","level":"\u001b[31merror\u001b[39m","message":"\u001b[31mError generating peer comparison\u001b[39m","timestamp":"2026-01-12 15:38:24:3824","userId":"6964c80e96d02cb5d7dffcf2"}
{"error":"Cannot read properties of null (reading 'profile')","level":"\u001b[31merror\u001b[39m","message":"\u001b[31mError generating peer comparison\u001b[39m","timestamp":"2026-01-12 15:38:34:3834","userId":"6964c81896d02cb5d7dffde0"}
{"error":"Cannot read properties of null (reading 'profile')","level":"\u001b[31merror\u001b[39m","message":"\u001b[31mError generating peer comparison\u001b[39m","timestamp":"2026-01-12 16:01:25:125","userId":"6964cd7b02ea17c2d95285ec"}
{"email":"duplicate@example.com","error":"An account with this email address already exists","level":"\u001b[31merror\u001b[39m","message":"\u001b[31mRegistration controller error\u001b[39m","requestId":"req_1768213886625_l4nhgvldl","stack":"Error: An account with this email address already exists\n    at AuthService.createAuthError (D:\\dynamous-kiro-hackathon\\backend\\src\\services\\authService.ts:748:33)\n    at AuthService.register (D:\\dynamous-kiro-hackathon\\backend\\src\\services\\authService.ts:27:20)\n    at processTicksAndRejections (node:internal/process/task_queues:105:5)\n    at register (D:\\dynamous-kiro-hackathon\\backend\\src\\controllers\\authController.ts:25:20)","timestamp":"2026-01-12 16:01:26:126","type":"EMAIL_ALREADY_EXISTS"}
{"email":"test@example.com","error":"No matching document found for id \"6964cd80702cef5935a5e45c\" version 1 modifiedPaths \"security, security.refreshTokens\"","level":"\u001b[31merror\u001b[39m","message":"\u001b[31mLogin failed\u001b[39m","timestamp":"2026-01-12 16:01:28:128"}
{"error":"Progress tracking not found for user","level":"\u001b[31merror\u001b[39m","message":"\u001b[31mError generating peer comparison\u001b[39m","timestamp":"2026-01-12 16:01:30:130","userId":"6964cd7f02ea17c2d952868b"}
{"error":"Client must be connected before running operations","learningPathId":"6964cd8502ea17c2d952878a","level":"\u001b[31merror\u001b[39m","message":"\u001b[31mError initializing progress tracking\u001b[39m","timestamp":"2026-01-12 16:01:33:133","userId":"6964cd8502ea17c2d9528782"}
{"error":"Cannot read properties of null (reading 'profile')","level":"\u001b[31merror\u001b[39m","message":"\u001b[31mError generating peer comparison\u001b[39m","timestamp":"2026-01-12 16:01:45:145","userId":"6964cd8c02ea17c2d95287c5"}
{"error":"Cannot read properties of null (reading 'profile')","level":"\u001b[31merror\u001b[39m","message":"\u001b[31mError generating peer comparison\u001b[39m","timestamp":"2026-01-12 16:01:48:148","userId":"6964cd9102ea17c2d952882e"}
{"email":"duplicate@example.com","error":"An account with this email address already exists","level":"\u001b[31merror\u001b[39m","message":"\u001b[31mRegistration controller error\u001b[39m","requestId":"req_1768214364211_szkcviom6","stack":"Error: An account with this email address already exists\n    at AuthService.createAuthError (D:\\dynamous-kiro-hackathon\\backend\\src\\services\\authService.ts:748:33)\n    at AuthService.register (D:\\dynamous-kiro-hackathon\\backend\\src\\services\\authService.ts:27:20)\n    at processTicksAndRejections (node:internal/process/task_queues:105:5)\n    at register (D:\\dynamous-kiro-hackathon\\backend\\src\\controllers\\authController.ts:25:20)","timestamp":"2026-01-12 16:09:24:924","type":"EMAIL_ALREADY_EXISTS"}
{"error":"Client must be connected before running operations","level":"\u001b[31merror\u001b[39m","message":"\u001b[31mError recording activity\u001b[39m","progressId":"6964cf61be71f1d1004fa4a5","timestamp":"2026-01-12 16:09:29:929","userId":"6964cf60be71f1d1004fa494"}
{"activityData":{"hoursSpent":0.15896674990653992,"moduleId":"Zpkf>K","notes":"'","qualityScore":6,"skillsAcquired":["B'>Hrxv3R\"*R","PK>","p1Q~pK&<=F<","n$FZYVj&$@("],"title":"6Zr'","type":"project_submitted"},"error":"Client must be connected before running operations","level":"\u001b[31merror\u001b[39m","message":"\u001b[31mError recording activity\u001b[39m","timestamp":"2026-01-12 16:09:29:929","userId":"6964cf60be71f1d1004fa494"}
{"error":"Cannot read properties of null (reading 'profile')","level":"\u001b[31merror\u001b[39m","message":"\u001b[31mError generating peer comparison\u001b[39m","timestamp":"2026-01-12 16:09:39:939","userId":"6964cf66be71f1d1004fa4ca"}
{"error":"Cannot read properties of null (reading 'profile')","level":"\u001b[31merror\u001b[39m","message":"\u001b[31mError generating peer comparison\u001b[39m","timestamp":"2026-01-12 16:09:46:946","userId":"6964cf6cbe71f1d1004fa546"}
{"error":"Cannot read properties of null (reading 'profile')","level":"\u001b[31merror\u001b[39m","message":"\u001b[31mError generating peer comparison\u001b[39m","timestamp":"2026-01-12 16:09:51:951","userId":"6964cf72be71f1d1004fa5ab"}
{"error":"Progress tracking not found for user","level":"\u001b[31merror\u001b[39m","message":"\u001b[31mError generating peer comparison\u001b[39m","timestamp":"2026-01-12 19:45:29:4529","userId":"696501ff8b9284787db33df2"}
{"error":"Progress validation failed: activities.2.hoursSpent: Cast to Number failed for value \"NaN\" (type number) at path \"hoursSpent\"","level":"\u001b[31merror\u001b[39m","message":"\u001b[31mError recording activity\u001b[39m","progressId":"696502048b9284787db33ecc","timestamp":"2026-01-12 19:45:32:4532","userId":"696502038b9284787db33eb8"}
{"activityData":{"description":"8","hoursSpent":null,"moduleId":">|","notes":"*","qualityScore":9,"skillsAcquired":["name"," aVB%&%","UWA"],"title":"wqXA6<&s","type":"assessment_passed","weeklyTargetId":"2T"},"error":"Progress validation failed: activities.2.hoursSpent: Cast to Number failed for value \"NaN\" (type number) at path \"hoursSpent\"","level":"\u001b[31merror\u001b[39m","message":"\u001b[31mError recording activity\u001b[39m","timestamp":"2026-01-12 19:45:32:4532","userId":"696502038b9284787db33eb8"}
{"error":"Progress tracking not found for user","level":"\u001b[31merror\u001b[39m","message":"\u001b[31mError generating peer comparison\u001b[39m","timestamp":"2026-01-12 21:21:01:211","userId":"69651863d8934c5134a13478"}
{"error":"Client must be connected before running operations","level":"\u001b[31merror\u001b[39m","message":"\u001b[31mError generating dashboard data\u001b[39m","timestamp":"2026-01-12 21:21:05:215","userId":"69651868d8934c5134a1355b"}
{"error":"Progress validation failed: activities.2.hoursSpent: Cast to Number failed for value \"NaN\" (type number) at path \"hoursSpent\"","level":"\u001b[31merror\u001b[39m","message":"\u001b[31mError recording activity\u001b[39m","progressId":"696526b0f8deef506a9c8120","timestamp":"2026-01-12 22:22:00:220","userId":"696526aff8deef506a9c810c"}
{"activityData":{"hoursSpent":null,"moduleId":"KykeV&D\"xz","notes":"ny","qualityScore":1,"skillsAcquired":["741kpIw'$1"],"title":"=>iu>/c?8}p","type":"module_started","weeklyTargetId":"9%"},"error":"Progress validation failed: activities.2.hoursSpent: Cast to Number failed for value \"NaN\" (type number) at path \"hoursSpent\"","level":"\u001b[31merror\u001b[39m","message":"\u001b[31mError recording activity\u001b[39m","timestamp":"2026-01-12 22:22:00:220","userId":"696526aff8deef506a9c810c"}
{"error":"Progress validation failed: activities.2.hoursSpent: Cast to Number failed for value \"NaN\" (type number) at path \"hoursSpent\"","level":"\u001b[31merror\u001b[39m","message":"\u001b[31mError recording activity\u001b[39m","progressId":"696526b5f8deef506a9c81ac","timestamp":"2026-01-12 22:22:05:225","userId":"696526b4f8deef506a9c819c"}
{"activityData":{"hoursSpent":null,"moduleId":"KykeV&D\"xz","notes":"ny","qualityScore":1,"skillsAcquired":["741kpIw'$1"],"title":"=>iu>/c?8}p","type":"module_started","weeklyTargetId":"9%"},"error":"Progress validation failed: activities.2.hoursSpent: Cast to Number failed for value \"NaN\" (type number) at path \"hoursSpent\"","level":"\u001b[31merror\u001b[39m","message":"\u001b[31mError recording activity\u001b[39m","timestamp":"2026-01-12 22:22:05:225","userId":"696526b4f8deef506a9c819c"}
{"error":"Client must be connected before running operations","level":"\u001b[31merror\u001b[39m","message":"\u001b[31mError recording activity\u001b[39m","progressId":"696526b6f8deef506a9c81dc","timestamp":"2026-01-12 22:22:07:227","userId":"696526b6f8deef506a9c81cb"}
{"activityData":{"description":"%#5Z,Xx^/","hoursSpent":0.4009758234024048,"moduleId":"0pDoZ-","notes":"b^`r2S","qualityScore":2,"skillsAcquired":["^c","=$er","^PH%mmE1"],"title":"8[<d`_)!Jp,","type":"weekly_target_completed","weeklyTargetId":"4FW}XC="},"error":"Client must be connected before running operations","level":"\u001b[31merror\u001b[39m","message":"\u001b[31mError recording activity\u001b[39m","timestamp":"2026-01-12 22:22:07:227","userId":"696526b6f8deef506a9c81cb"}
{"activityData":{"description":"bind","hoursSpent":3.809116840362549,"moduleId":"valueOf","notes":"cWB5L!Md5g","qualityScore":8,"skillsAcquired":["Z!L^","vJ",">"],"title":"=u","type":"assessment_taken","weeklyTargetId":"\"FJ(5'FNo"},"error":"Progress tracking not found for user","level":"\u001b[31merror\u001b[39m","message":"\u001b[31mError recording activity\u001b[39m","timestamp":"2026-01-12 22:25:35:2535","userId":"696527863a668f722eaa198e"}
{"activityData":{"hoursSpent":0.10000011324882507,"notes":"q\"#","qualityScore":7,"skillsAcquired":["=px","%hZ- IT"],"title":"*nprototype","type":"project_submitted","weeklyTargetId":"zW"},"error":"Progress tracking not found for user","level":"\u001b[31merror\u001b[39m","message":"\u001b[31mError recording activity\u001b[39m","timestamp":"2026-01-12 22:25:40:2540","userId":"6965278a3a668f722eaa1a09"}
{"error":"Client must be connected before running operations","level":"\u001b[31merror\u001b[39m","message":"\u001b[31mError recording activity\u001b[39m","progressId":"696527903a668f722eaa1aef","timestamp":"2026-01-12 22:25:46:2546","userId":"696527903a668f722eaa1acf"}
{"activityData":{"description":"gtisPrototyp","hoursSpent":0.10000012814998627,"notes":"L<","qualityScore":8,"skillsAcquired":["-N0","2$[lOQ","u(","YebJk_p6P"],"title":"U#%A","type":"discussion_participated","weeklyTargetId":"arguments"},"error":"Client must be connected before running operations","level":"\u001b[31merror\u001b[39m","message":"\u001b[31mError recording activity\u001b[39m","timestamp":"2026-01-12 22:25:46:2546","userId":"696527903a668f722eaa1acf"}
{"activityData":{"description":"\"X\\By/%","hoursSpent":0.10000016540288925,"moduleId":"zy","notes":"jx","qualityScore":8,"skillsAcquired":["op~.8ca","U[5_s","W>VN0t72tohv"],"title":"\"\"","type":"reflection_completed","weeklyTargetId":"r&s"},"error":"Progress tracking not found for user","level":"\u001b[31merror\u001b[39m","message":"\u001b[31mError recording activity\u001b[39m","timestamp":"2026-01-14 09:52:08:528","userId":"696719ee19c7de94d6e0ac19"}
{"activityData":{"description":") }Om(T(\\j","hoursSpent":5.0649542808532715,"moduleId":"<!","notes":"tQOm","qualityScore":4,"skillsAcquired":["_.2J%H ","?f>","4$"],"title":"xOP)u_/#8","type":"task_completed","weeklyTargetId":"n`cw|P?}{/r"},"error":"Progress tracking not found for user","level":"\u001b[31merror\u001b[39m","message":"\u001b[31mError recording activity\u001b[39m","timestamp":"2026-01-14 09:52:14:5214","userId":"696719f419c7de94d6e0ac56"}
{"error":"Learning path not found","learningPathId":"696719f619c7de94d6e0ac75","level":"\u001b[31merror\u001b[39m","message":"\u001b[31mError initializing progress tracking\u001b[39m","timestamp":"2026-01-14 09:52:14:5214","userId":"696719f519c7de94d6e0ac64"}
{"error":"Client must be connected before running operations","level":"\u001b[31merror\u001b[39m","message":"\u001b[31mError recording activity\u001b[39m","progressId":"696719fb19c7de94d6e0ad18","timestamp":"2026-01-14 09:52:19:5219","userId":"696719fa19c7de94d6e0acf8"}
{"activityData":{"description":"Fcg|N(c[","hoursSpent":0.29497039318084717,"moduleId":"RPk6\\ne4N","notes":"l|{ybPR","qualityScore":10,"skillsAcquired":["/(!V!","CePzo;vr,X"," ir^[$.p","l$"],"title":"n","type":"module_completed","weeklyTargetId":"EY#xe"},"error":"Client must be connected before running operations","level":"\u001b[31merror\u001b[39m","message":"\u001b[31mError recording activity\u001b[39m","timestamp":"2026-01-14 09:52:19:5219","userId":"696719fa19c7de94d6e0acf8"}
{"error":"Client must be connected before running operations","level":"\u001b[31merror\u001b[39m","message":"\u001b[31mError calculating learning velocity\u001b[39m","timestamp":"2026-01-14 09:52:19:5219","userId":"696719f919c7de94d6e0acdc"}
{"error":"Client must be connected before running operations","level":"\u001b[31merror\u001b[39m","message":"\u001b[31mError recording activity\u001b[39m","progressId":"696719fb19c7de94d6e0ad0f","timestamp":"2026-01-14 09:52:19:5219","userId":"696719fa19c7de94d6e0acf2"}
{"activityData":{"description":"oG\"\"$Z%}","hoursSpent":5.411413669586182,"moduleId":"V{a&(%tsz{","qualityScore":3,"skillsAcquired":["6W-MO\\:","Z<Wq","W(SuN\\1=K~=","UE"],"title":"#","type":"module_started","weeklyTargetId":"s?Ir#T>7"},"error":"Client must be connected before running operations","level":"\u001b[31merror\u001b[39m","message":"\u001b[31mError recording activity\u001b[39m","timestamp":"2026-01-14 09:52:19:5219","userId":"696719fa19c7de94d6e0acf2"}
{"error":"No matching document found for id \"69671a9319c7de94d6e0b3e2\" version 1 modifiedPaths \"milestones\"","level":"\u001b[31merror\u001b[39m","message":"\u001b[31mError achieving milestone\u001b[39m","progressId":"69671a9319c7de94d6e0b3e2","timestamp":"2026-01-14 09:54:52:5452","userId":"69671a8d19c7de94d6e0b3d7"}
{"activityData":{"description":"__","hoursSpent":3.3882644176483154,"moduleId":"\\4oto#","notes":"pprSetteen","qualityScore":10,"skillsAcquired":["bind"],"title":"+jm@5dJS]JW","type":"weekly_target_completed","weeklyTargetId":"&z"},"error":"No matching document found for id \"69671a9319c7de94d6e0b3e2\" version 1 modifiedPaths \"milestones\"","level":"\u001b[31merror\u001b[39m","message":"\u001b[31mError recording activity\u001b[39m","timestamp":"2026-01-14 09:54:52:5452","userId":"69671a8d19c7de94d6e0b3d7"}
{"error":"No matching document found for id \"69671a9819c7de94d6e0b407\" version 2 modifiedPaths \"activities, streaks, streaks.lastActivityDate\"","level":"\u001b[31merror\u001b[39m","message":"\u001b[31mError recording activity\u001b[39m","progressId":"69671a9819c7de94d6e0b407","timestamp":"2026-01-14 09:54:57:5457","userId":"69671a9419c7de94d6e0b3eb"}
{"activityData":{"description":"kc","hoursSpent":0.10000010579824448,"moduleId":"}lengt","notes":"4 z","qualityScore":9,"skillsAcquired":["YoqT)<J/","*|Qg&{#"],"title":" *-gx0zlZ>%3","type":"project_submitted","weeklyTargetId":"Dloo"},"error":"No matching document found for id \"69671a9819c7de94d6e0b407\" version 2 modifiedPaths \"activities, streaks, streaks.lastActivityDate\"","level":"\u001b[31merror\u001b[39m","message":"\u001b[31mError recording activity\u001b[39m","timestamp":"2026-01-14 09:54:57:5457","userId":"69671a9419c7de94d6e0b3eb"}
{"error":"No document found for query \"{ _id: new ObjectId(\"69671a9c242ca9b8f6669bc8\") }\" on model \"Progress\"","level":"\u001b[31merror\u001b[39m","message":"\u001b[31mError calculating learning velocity\u001b[39m","timestamp":"2026-01-14 09:55:02:552","userId":"69671a9b242ca9b8f6669bb7"}
{"activityData":{"description":"\"X\\By/%","hoursSpent":0.10000016540288925,"moduleId":"zy","notes":"jx","qualityScore":8,"skillsAcquired":["op~.8ca","U[5_s","W>VN0t72tohv"],"title":"\"\"","type":"reflection_completed","weeklyTargetId":"r&s"},"error":"Progress tracking not found for user","level":"\u001b[31merror\u001b[39m","message":"\u001b[31mError recording activity\u001b[39m","timestamp":"2026-01-14 09:55:03:553","userId":"69671a9919c7de94d6e0b413"}
{"error":"Progress tracking not found for user","level":"\u001b[31merror\u001b[39m","message":"\u001b[31mError generating peer comparison\u001b[39m","timestamp":"2026-01-14 09:55:05:555","userId":"69671a99242ca9b8f6669b8b"}
{"error":"Client must be connected before running operations","level":"\u001b[31merror\u001b[39m","message":"\u001b[31mError updating learning path progress\u001b[39m","progressId":"69671aa3242ca9b8f6669c6c","timestamp":"2026-01-14 09:55:08:558","weeklyTargetId":"9v6i(kZ"}
{"error":"Progress tracking not found for user","level":"\u001b[31merror\u001b[39m","message":"\u001b[31mError generating dashboard data\u001b[39m","timestamp":"2026-01-14 09:56:54:5654","userId":"69671b0d35fb27c9a171f6df"}
{"error":"No document found for query \"{ _id: new ObjectId(\"69671b0c19c7de94d6e0b7a1\") }\" on model \"Progress\"","level":"\u001b[31merror\u001b[39m","message":"\u001b[31mError calculating learning velocity\u001b[39m","timestamp":"2026-01-14 09:56:54:5654","userId":"69671b0a19c7de94d6e0b798"}
{"error":"No matching document found for id \"69671b1319c7de94d6e0b7fc\" version 2 modifiedPaths \"activities, streaks, streaks.lastActivityDate\"","level":"\u001b[31merror\u001b[39m","message":"\u001b[31mError recording activity\u001b[39m","progressId":"69671b1319c7de94d6e0b7fc","timestamp":"2026-01-14 09:56:59:5659","userId":"69671b1119c7de94d6e0b7f3"}
{"activityData":{"description":"kc","hoursSpent":0.10000010579824448,"moduleId":"}lengt","notes":"4 z","qualityScore":9,"skillsAcquired":["YoqT)<J/","*|Qg&{#"],"title":" *-gx0zlZ>%3","type":"project_submitted","weeklyTargetId":"Dloo"},"error":"No matching document found for id \"69671b1319c7de94d6e0b7fc\" version 2 modifiedPaths \"activities, streaks, streaks.lastActivityDate\"","level":"\u001b[31merror\u001b[39m","message":"\u001b[31mError recording activity\u001b[39m","timestamp":"2026-01-14 09:56:59:5659","userId":"69671b1119c7de94d6e0b7f3"}
{"activityData":{"description":"S","hoursSpent":0.11561445891857147,"moduleId":"zF,:HG~","notes":"D/a(4p&)kg","qualityScore":4,"skillsAcquired":["do^-:/\"~N","U$>$XmN$"],"title":"M!\"2_TR`b:R","type":"assessment_passed","weeklyTargetId":"Ef"},"error":"Client must be connected before running operations","level":"\u001b[31merror\u001b[39m","message":"\u001b[31mError recording activity\u001b[39m","timestamp":"2026-01-14 09:57:05:575","userId":"69671b1735fb27c9a171f817"}
{"error":"Client must be connected before running operations","learningPathId":"69671b1935fb27c9a171f869","level":"\u001b[31merror\u001b[39m","message":"\u001b[31mError initializing progress tracking\u001b[39m","timestamp":"2026-01-14 09:57:05:575","userId":"69671b1835fb27c9a171f856"}
{"error":"No matching document found for id \"69676aacfc466bcc82db372a\" version 1 modifiedPaths \"security, security.refreshTokens\"","level":"\u001b[31merror\u001b[39m","message":"\u001b[31mToken refresh failed\u001b[39m","timestamp":"2026-01-14 15:52:49:5249"}
{"error":"LearningPath validation failed: _id: Cast to ObjectId failed for value \"\" (type string) at path \"_id\" because of \"BSONError\"","level":"\u001b[31merror\u001b[39m","message":"\u001b[31mGenerate learning path controller error\u001b[39m","requestId":"req_1768386278101_9g1ojy2tj","stack":"ValidationError: LearningPath validation failed: _id: Cast to ObjectId failed for value \"\" (type string) at path \"_id\" because of \"BSONError\"\n    at model.Document.invalidate (D:\\dynamous-kiro-hackathon\\backend\\node_modules\\mongoose\\lib\\document.js:3221:32)\n    at model.$set (D:\\dynamous-kiro-hackathon\\backend\\node_modules\\mongoose\\lib\\document.js:1466:12)\n    at model.set (D:\\dynamous-kiro-hackathon\\backend\\node_modules\\mongoose\\lib\\helpers\\document\\compile.js:205:19)\n    at model.idSetter (D:\\dynamous-kiro-hackathon\\backend\\node_modules\\mongoose\\lib\\helpers\\schema\\idGetter.js:44:12)\n    at VirtualType.applySetters (D:\\dynamous-kiro-hackathon\\backend\\node_modules\\mongoose\\lib\\virtualtype.js:166:16)\n    at model.$set (D:\\dynamous-kiro-hackathon\\backend\\node_modules\\mongoose\\lib\\document.js:1284:12)\n    at model.$set (D:\\dynamous-kiro-hackathon\\backend\\node_modules\\mongoose\\lib\\document.js:1121:16)\n    at model.Document (D:\\dynamous-kiro-hackathon\\backend\\node_modules\\mongoose\\lib\\document.js:167:12)\n    at model.Model (D:\\dynamous-kiro-hackathon\\backend\\node_modules\\mongoose\\lib\\model.js:123:12)\n    at new model (D:\\dynamous-kiro-hackathon\\backend\\node_modules\\mongoose\\lib\\model.js:4755:15)","timestamp":"2026-01-14 15:54:38:5438","type":"LEARNING_PATH_GENERATION_ERROR","userId":"69676aacfc466bcc82db372a"}
{"error":"LearningPath validation failed: _id: Cast to ObjectId failed for value \"\" (type string) at path \"_id\" because of \"BSONError\"","level":"\u001b[31merror\u001b[39m","message":"\u001b[31mGenerate learning path controller error\u001b[39m","requestId":"req_1768386499664_p7shz30hf","stack":"ValidationError: LearningPath validation failed: _id: Cast to ObjectId failed for value \"\" (type string) at path \"_id\" because of \"BSONError\"\n    at model.Document.invalidate (D:\\dynamous-kiro-hackathon\\backend\\node_modules\\mongoose\\lib\\document.js:3221:32)\n    at model.$set (D:\\dynamous-kiro-hackathon\\backend\\node_modules\\mongoose\\lib\\document.js:1466:12)\n    at model.set (D:\\dynamous-kiro-hackathon\\backend\\node_modules\\mongoose\\lib\\helpers\\document\\compile.js:205:19)\n    at model.idSetter (D:\\dynamous-kiro-hackathon\\backend\\node_modules\\mongoose\\lib\\helpers\\schema\\idGetter.js:44:12)\n    at VirtualType.applySetters (D:\\dynamous-kiro-hackathon\\backend\\node_modules\\mongoose\\lib\\virtualtype.js:166:16)\n    at model.$set (D:\\dynamous-kiro-hackathon\\backend\\node_modules\\mongoose\\lib\\document.js:1284:12)\n    at model.$set (D:\\dynamous-kiro-hackathon\\backend\\node_modules\\mongoose\\lib\\document.js:1121:16)\n    at model.Document (D:\\dynamous-kiro-hackathon\\backend\\node_modules\\mongoose\\lib\\document.js:167:12)\n    at model.Model (D:\\dynamous-kiro-hackathon\\backend\\node_modules\\mongoose\\lib\\model.js:123:12)\n    at new model (D:\\dynamous-kiro-hackathon\\backend\\node_modules\\mongoose\\lib\\model.js:4755:15)","timestamp":"2026-01-14 15:58:19:5819","type":"LEARNING_PATH_GENERATION_ERROR","userId":"69676aacfc466bcc82db372a"}
{"error":"[GoogleGenerativeAI Error]: Error fetching from https://generativelanguage.googleapis.com/v1beta/models/gemini-1.5-pro:generateContent: [404 Not Found] models/gemini-1.5-pro is not found for API version v1beta, or is not supported for generateContent. Call ListModels to see the list of available models and their supported methods.","level":"\u001b[31merror\u001b[39m","message":"\u001b[31mFailed to generate career recommendations\u001b[39m","timestamp":"2026-01-14 16:39:35:3935"}
{"error":"[GoogleGenerativeAI Error]: Error fetching from https://generativelanguage.googleapis.com/v1beta/models/gemini-1.5-pro:generateContent: [404 Not Found] models/gemini-1.5-pro is not found for API version v1beta, or is not supported for generateContent. Call ListModels to see the list of available models and their supported methods.","level":"\u001b[31merror\u001b[39m","message":"\u001b[31mFailed to generate career recommendations\u001b[39m","timestamp":"2026-01-14 16:39:35:3935"}
{"domain":"Data Science","error":"[GoogleGenerativeAI Error]: Error fetching from https://generativelanguage.googleapis.com/v1beta/models/gemini-1.5-pro:generateContent: [404 Not Found] models/gemini-1.5-pro is not found for API version v1beta, or is not supported for generateContent. Call ListModels to see the list of available models and their supported methods.","level":"\u001b[31merror\u001b[39m","message":"\u001b[31mFailed to generate learning roadmap\u001b[39m","timestamp":"2026-01-14 16:39:46:3946"}
{"error":"LearningPath validation failed: _id: Cast to ObjectId failed for value \"\" (type string) at path \"_id\" because of \"BSONError\"","level":"\u001b[31merror\u001b[39m","message":"\u001b[31mGenerate learning path controller error\u001b[39m","requestId":"req_1768388986646_rabadf219","stack":"ValidationError: LearningPath validation failed: _id: Cast to ObjectId failed for value \"\" (type string) at path \"_id\" because of \"BSONError\"\n    at model.Document.invalidate (D:\\dynamous-kiro-hackathon\\backend\\node_modules\\mongoose\\lib\\document.js:3221:32)\n    at model.$set (D:\\dynamous-kiro-hackathon\\backend\\node_modules\\mongoose\\lib\\document.js:1466:12)\n    at model.set (D:\\dynamous-kiro-hackathon\\backend\\node_modules\\mongoose\\lib\\helpers\\document\\compile.js:205:19)\n    at model.idSetter (D:\\dynamous-kiro-hackathon\\backend\\node_modules\\mongoose\\lib\\helpers\\schema\\idGetter.js:44:12)\n    at VirtualType.applySetters (D:\\dynamous-kiro-hackathon\\backend\\node_modules\\mongoose\\lib\\virtualtype.js:166:16)\n    at model.$set (D:\\dynamous-kiro-hackathon\\backend\\node_modules\\mongoose\\lib\\document.js:1284:12)\n    at model.$set (D:\\dynamous-kiro-hackathon\\backend\\node_modules\\mongoose\\lib\\document.js:1121:16)\n    at model.Document (D:\\dynamous-kiro-hackathon\\backend\\node_modules\\mongoose\\lib\\document.js:167:12)\n    at model.Model (D:\\dynamous-kiro-hackathon\\backend\\node_modules\\mongoose\\lib\\model.js:123:12)\n    at new model (D:\\dynamous-kiro-hackathon\\backend\\node_modules\\mongoose\\lib\\model.js:4755:15)","timestamp":"2026-01-14 16:39:46:3946","type":"LEARNING_PATH_GENERATION_ERROR","userId":"69676aacfc466bcc82db372a"}
{"domain":"Data Science","error":"[GoogleGenerativeAI Error]: Error fetching from https://generativelanguage.googleapis.com/v1beta/models/gemini-1.5-pro:generateContent: [404 Not Found] models/gemini-1.5-pro is not found for API version v1beta, or is not supported for generateContent. Call ListModels to see the list of available models and their supported methods.","level":"\u001b[31merror\u001b[39m","message":"\u001b[31mFailed to generate learning roadmap\u001b[39m","timestamp":"2026-01-14 16:40:08:408"}
{"error":"LearningPath validation failed: _id: Cast to ObjectId failed for value \"\" (type string) at path \"_id\" because of \"BSONError\"","level":"\u001b[31merror\u001b[39m","message":"\u001b[31mGenerate learning path controller error\u001b[39m","requestId":"req_1768389008056_d406i90n8","stack":"ValidationError: LearningPath validation failed: _id: Cast to ObjectId failed for value \"\" (type string) at path \"_id\" because of \"BSONError\"\n    at model.Document.invalidate (D:\\dynamous-kiro-hackathon\\backend\\node_modules\\mongoose\\lib\\document.js:3221:32)\n    at model.$set (D:\\dynamous-kiro-hackathon\\backend\\node_modules\\mongoose\\lib\\document.js:1466:12)\n    at model.set (D:\\dynamous-kiro-hackathon\\backend\\node_modules\\mongoose\\lib\\helpers\\document\\compile.js:205:19)\n    at model.idSetter (D:\\dynamous-kiro-hackathon\\backend\\node_modules\\mongoose\\lib\\helpers\\schema\\idGetter.js:44:12)\n    at VirtualType.applySetters (D:\\dynamous-kiro-hackathon\\backend\\node_modules\\mongoose\\lib\\virtualtype.js:166:16)\n    at model.$set (D:\\dynamous-kiro-hackathon\\backend\\node_modules\\mongoose\\lib\\document.js:1284:12)\n    at model.$set (D:\\dynamous-kiro-hackathon\\backend\\node_modules\\mongoose\\lib\\document.js:1121:16)\n    at model.Document (D:\\dynamous-kiro-hackathon\\backend\\node_modules\\mongoose\\lib\\document.js:167:12)\n    at model.Model (D:\\dynamous-kiro-hackathon\\backend\\node_modules\\mongoose\\lib\\model.js:123:12)\n    at new model (D:\\dynamous-kiro-hackathon\\backend\\node_modules\\mongoose\\lib\\model.js:4755:15)","timestamp":"2026-01-14 16:40:08:408","type":"LEARNING_PATH_GENERATION_ERROR","userId":"69676aacfc466bcc82db372a"}
{"domain":"Data Science","error":"[GoogleGenerativeAI Error]: Error fetching from https://generativelanguage.googleapis.com/v1beta/models/gemini-1.5-pro:generateContent: [404 Not Found] models/gemini-1.5-pro is not found for API version v1beta, or is not supported for generateContent. Call ListModels to see the list of available models and their supported methods.","level":"\u001b[31merror\u001b[39m","message":"\u001b[31mFailed to generate learning roadmap\u001b[39m","timestamp":"2026-01-14 16:40:15:4015"}
{"error":"LearningPath validation failed: _id: Cast to ObjectId failed for value \"\" (type string) at path \"_id\" because of \"BSONError\"","level":"\u001b[31merror\u001b[39m","message":"\u001b[31mGenerate learning path controller error\u001b[39m","requestId":"req_1768389014985_eyugxl0jv","stack":"ValidationError: LearningPath validation failed: _id: Cast to ObjectId failed for value \"\" (type string) at path \"_id\" because of \"BSONError\"\n    at model.Document.invalidate (D:\\dynamous-kiro-hackathon\\backend\\node_modules\\mongoose\\lib\\document.js:3221:32)\n    at model.$set (D:\\dynamous-kiro-hackathon\\backend\\node_modules\\mongoose\\lib\\document.js:1466:12)\n    at model.set (D:\\dynamous-kiro-hackathon\\backend\\node_modules\\mongoose\\lib\\helpers\\document\\compile.js:205:19)\n    at model.idSetter (D:\\dynamous-kiro-hackathon\\backend\\node_modules\\mongoose\\lib\\helpers\\schema\\idGetter.js:44:12)\n    at VirtualType.applySetters (D:\\dynamous-kiro-hackathon\\backend\\node_modules\\mongoose\\lib\\virtualtype.js:166:16)\n    at model.$set (D:\\dynamous-kiro-hackathon\\backend\\node_modules\\mongoose\\lib\\document.js:1284:12)\n    at model.$set (D:\\dynamous-kiro-hackathon\\backend\\node_modules\\mongoose\\lib\\document.js:1121:16)\n    at model.Document (D:\\dynamous-kiro-hackathon\\backend\\node_modules\\mongoose\\lib\\document.js:167:12)\n    at model.Model (D:\\dynamous-kiro-hackathon\\backend\\node_modules\\mongoose\\lib\\model.js:123:12)\n    at new model (D:\\dynamous-kiro-hackathon\\backend\\node_modules\\mongoose\\lib\\model.js:4755:15)","timestamp":"2026-01-14 16:40:15:4015","type":"LEARNING_PATH_GENERATION_ERROR","userId":"69676aacfc466bcc82db372a"}
{"error":"No matching document found for id \"69676aacfc466bcc82db372a\" version 5 modifiedPaths \"security, security.refreshTokens\"","level":"\u001b[31merror\u001b[39m","message":"\u001b[31mToken refresh failed\u001b[39m","timestamp":"2026-01-14 16:54:58:5458"}
{"error":"[GoogleGenerativeAI Error]: Error fetching from https://generativelanguage.googleapis.com/v1beta/models/gemini-pro:generateContent: [404 Not Found] models/gemini-pro is not found for API version v1beta, or is not supported for generateContent. Call ListModels to see the list of available models and their supported methods.","level":"\u001b[31merror\u001b[39m","message":"\u001b[31mFailed to generate career recommendations\u001b[39m","timestamp":"2026-01-15 15:26:52:2652"}
{"error":"[GoogleGenerativeAI Error]: Error fetching from https://generativelanguage.googleapis.com/v1beta/models/gemini-pro:generateContent: [404 Not Found] models/gemini-pro is not found for API version v1beta, or is not supported for generateContent. Call ListModels to see the list of available models and their supported methods.","level":"\u001b[31merror\u001b[39m","message":"\u001b[31mFailed to generate career recommendations\u001b[39m","timestamp":"2026-01-15 15:26:52:2652"}
{"domain":"Data Science","error":"[GoogleGenerativeAI Error]: Error fetching from https://generativelanguage.googleapis.com/v1beta/models/gemini-pro:generateContent: [404 Not Found] models/gemini-pro is not found for API version v1beta, or is not supported for generateContent. Call ListModels to see the list of available models and their supported methods.","level":"\u001b[31merror\u001b[39m","message":"\u001b[31mFailed to generate learning roadmap\u001b[39m","timestamp":"2026-01-15 15:26:57:2657"}
{"error":"Module orders must be sequential starting from 1","level":"\u001b[31merror\u001b[39m","message":"\u001b[31mGenerate learning path controller error\u001b[39m","requestId":"req_1768471017282_18zfzoi64","stack":"Error: Module orders must be sequential starting from 1\n    at model.<anonymous> (D:\\dynamous-kiro-hackathon\\backend\\src\\models\\LearningPath.ts:792:19)\n    at callMiddlewareFunction (D:\\dynamous-kiro-hackathon\\backend\\node_modules\\kareem\\index.js:628:27)\n    at model.next (D:\\dynamous-kiro-hackathon\\backend\\node_modules\\kareem\\index.js:93:7)\n    at _next (D:\\dynamous-kiro-hackathon\\backend\\node_modules\\kareem\\index.js:146:10)\n    at D:\\dynamous-kiro-hackathon\\backend\\node_modules\\kareem\\index.js:653:30\n    at processTicksAndRejections (node:internal/process/task_queues:85:11)","timestamp":"2026-01-15 15:26:57:2657","type":"LEARNING_PATH_GENERATION_ERROR","userId":"69676aacfc466bcc82db372a"}
{"domain":"Data Science","error":"[GoogleGenerativeAI Error]: Error fetching from https://generativelanguage.googleapis.com/v1beta/models/gemini-pro:generateContent: [404 Not Found] models/gemini-pro is not found for API version v1beta, or is not supported for generateContent. Call ListModels to see the list of available models and their supported methods.","level":"\u001b[31merror\u001b[39m","message":"\u001b[31mFailed to generate learning roadmap\u001b[39m","timestamp":"2026-01-15 15:27:08:278"}
{"error":"Module orders must be sequential starting from 1","level":"\u001b[31merror\u001b[39m","message":"\u001b[31mGenerate learning path controller error\u001b[39m","requestId":"req_1768471028023_ntth3aap5","stack":"Error: Module orders must be sequential starting from 1\n    at model.<anonymous> (D:\\dynamous-kiro-hackathon\\backend\\src\\models\\LearningPath.ts:792:19)\n    at callMiddlewareFunction (D:\\dynamous-kiro-hackathon\\backend\\node_modules\\kareem\\index.js:628:27)\n    at model.next (D:\\dynamous-kiro-hackathon\\backend\\node_modules\\kareem\\index.js:93:7)\n    at _next (D:\\dynamous-kiro-hackathon\\backend\\node_modules\\kareem\\index.js:146:10)\n    at D:\\dynamous-kiro-hackathon\\backend\\node_modules\\kareem\\index.js:653:30\n    at processTicksAndRejections (node:internal/process/task_queues:85:11)","timestamp":"2026-01-15 15:27:08:278","type":"LEARNING_PATH_GENERATION_ERROR","userId":"69676aacfc466bcc82db372a"}
{"error":"[GoogleGenerativeAI Error]: Error fetching from https://generativelanguage.googleapis.com/v1beta/models/gemini-pro:generateContent: [404 Not Found] models/gemini-pro is not found for API version v1beta, or is not supported for generateContent. Call ListModels to see the list of available models and their supported methods.","level":"\u001b[31merror\u001b[39m","message":"\u001b[31mFailed to generate career recommendations\u001b[39m","timestamp":"2026-01-15 15:28:46:2846"}
{"error":"[GoogleGenerativeAI Error]: Error fetching from https://generativelanguage.googleapis.com/v1beta/models/gemini-pro:generateContent: [404 Not Found] models/gemini-pro is not found for API version v1beta, or is not supported for generateContent. Call ListModels to see the list of available models and their supported methods.","level":"\u001b[31merror\u001b[39m","message":"\u001b[31mFailed to generate career recommendations\u001b[39m","timestamp":"2026-01-15 15:28:46:2846"}
{"domain":"Digital Marketing","error":"[GoogleGenerativeAI Error]: Error fetching from https://generativelanguage.googleapis.com/v1beta/models/gemini-pro:generateContent: [404 Not Found] models/gemini-pro is not found for API version v1beta, or is not supported for generateContent. Call ListModels to see the list of available models and their supported methods.","level":"\u001b[31merror\u001b[39m","message":"\u001b[31mFailed to generate learning roadmap\u001b[39m","timestamp":"2026-01-15 15:28:51:2851"}
{"error":"[GoogleGenerativeAI Error]: Error fetching from https://generativelanguage.googleapis.com/v1beta/models/gemini-pro:generateContent: [404 Not Found] models/gemini-pro is not found for API version v1beta, or is not supported for generateContent. Call ListModels to see the list of available models and their supported methods.","level":"\u001b[31merror\u001b[39m","message":"\u001b[31mFailed to generate career recommendations\u001b[39m","timestamp":"2026-01-15 15:32:48:3248"}
{"error":"[GoogleGenerativeAI Error]: Error fetching from https://generativelanguage.googleapis.com/v1beta/models/gemini-pro:generateContent: [404 Not Found] models/gemini-pro is not found for API version v1beta, or is not supported for generateContent. Call ListModels to see the list of available models and their supported methods.","level":"\u001b[31merror\u001b[39m","message":"\u001b[31mFailed to generate career recommendations\u001b[39m","timestamp":"2026-01-15 15:32:48:3248"}
{"domain":"Data Science","error":"[GoogleGenerativeAI Error]: Error fetching from https://generativelanguage.googleapis.com/v1beta/models/gemini-pro:generateContent: [404 Not Found] models/gemini-pro is not found for API version v1beta, or is not supported for generateContent. Call ListModels to see the list of available models and their supported methods.","level":"\u001b[31merror\u001b[39m","message":"\u001b[31mFailed to generate learning roadmap\u001b[39m","timestamp":"2026-01-15 15:32:55:3255"}
{"error":"[GoogleGenerativeAI Error]: Error fetching from https://generativelanguage.googleapis.com/v1beta/models/gemini-pro:generateContent: [404 Not Found] models/gemini-pro is not found for API version v1beta, or is not supported for generateContent. Call ListModels to see the list of available models and their supported methods.","level":"\u001b[31merror\u001b[39m","message":"\u001b[31mFailed to generate career recommendations\u001b[39m","timestamp":"2026-01-15 15:36:12:3612"}
{"error":"[GoogleGenerativeAI Error]: Error fetching from https://generativelanguage.googleapis.com/v1beta/models/gemini-pro:generateContent: [404 Not Found] models/gemini-pro is not found for API version v1beta, or is not supported for generateContent. Call ListModels to see the list of available models and their supported methods.","level":"\u001b[31merror\u001b[39m","message":"\u001b[31mFailed to generate career recommendations\u001b[39m","timestamp":"2026-01-15 15:36:12:3612"}
{"error":"[GoogleGenerativeAI Error]: Error fetching from https://generativelanguage.googleapis.com/v1beta/models/gemini-pro:generateContent: [404 Not Found] models/gemini-pro is not found for API version v1beta, or is not supported for generateContent. Call ListModels to see the list of available models and their supported methods.","level":"\u001b[31merror\u001b[39m","message":"\u001b[31mFailed to generate career recommendations\u001b[39m","timestamp":"2026-01-15 15:36:31:3631"}
{"error":"[GoogleGenerativeAI Error]: Error fetching from https://generativelanguage.googleapis.com/v1beta/models/gemini-pro:generateContent: [404 Not Found] models/gemini-pro is not found for API version v1beta, or is not supported for generateContent. Call ListModels to see the list of available models and their supported methods.","level":"\u001b[31merror\u001b[39m","message":"\u001b[31mFailed to generate career recommendations\u001b[39m","timestamp":"2026-01-15 15:36:31:3631"}
{"domain":"Software Development","error":"[GoogleGenerativeAI Error]: Error fetching from https://generativelanguage.googleapis.com/v1beta/models/gemini-pro:generateContent: [404 Not Found] models/gemini-pro is not found for API version v1beta, or is not supported for generateContent. Call ListModels to see the list of available models and their supported methods.","level":"\u001b[31merror\u001b[39m","message":"\u001b[31mFailed to generate learning roadmap\u001b[39m","timestamp":"2026-01-15 15:36:35:3635"}
{"error":"[GoogleGenerativeAI Error]: Error fetching from https://generativelanguage.googleapis.com/v1beta/models/gemini-pro:generateContent: [404 Not Found] models/gemini-pro is not found for API version v1beta, or is not supported for generateContent. Call ListModels to see the list of available models and their supported methods.","level":"\u001b[31merror\u001b[39m","message":"\u001b[31mFailed to generate career recommendations\u001b[39m","timestamp":"2026-01-15 15:36:42:3642"}
{"error":"[GoogleGenerativeAI Error]: Error fetching from https://generativelanguage.googleapis.com/v1beta/models/gemini-pro:generateContent: [404 Not Found] models/gemini-pro is not found for API version v1beta, or is not supported for generateContent. Call ListModels to see the list of available models and their supported methods.","level":"\u001b[31merror\u001b[39m","message":"\u001b[31mFailed to generate career recommendations\u001b[39m","timestamp":"2026-01-15 15:36:42:3642"}
{"error":"[GoogleGenerativeAI Error]: Error fetching from https://generativelanguage.googleapis.com/v1beta/models/gemini-pro:generateContent: [404 Not Found] models/gemini-pro is not found for API version v1beta, or is not supported for generateContent. Call ListModels to see the list of available models and their supported methods.","level":"\u001b[31merror\u001b[39m","message":"\u001b[31mFailed to generate career recommendations\u001b[39m","timestamp":"2026-01-15 15:39:28:3928"}
{"error":"[GoogleGenerativeAI Error]: Error fetching from https://generativelanguage.googleapis.com/v1beta/models/gemini-pro:generateContent: [404 Not Found] models/gemini-pro is not found for API version v1beta, or is not supported for generateContent. Call ListModels to see the list of available models and their supported methods.","level":"\u001b[31merror\u001b[39m","message":"\u001b[31mFailed to generate career recommendations\u001b[39m","timestamp":"2026-01-15 15:39:28:3928"}
{"error":"[GoogleGenerativeAI Error]: Error fetching from https://generativelanguage.googleapis.com/v1beta/models/gemini-pro:generateContent: [404 Not Found] models/gemini-pro is not found for API version v1beta, or is not supported for generateContent. Call ListModels to see the list of available models and their supported methods.","level":"\u001b[31merror\u001b[39m","message":"\u001b[31mFailed to generate career recommendations\u001b[39m","timestamp":"2026-01-15 15:40:40:4040"}
{"error":"[GoogleGenerativeAI Error]: Error fetching from https://generativelanguage.googleapis.com/v1beta/models/gemini-pro:generateContent: [404 Not Found] models/gemini-pro is not found for API version v1beta, or is not supported for generateContent. Call ListModels to see the list of available models and their supported methods.","level":"\u001b[31merror\u001b[39m","message":"\u001b[31mFailed to generate career recommendations\u001b[39m","timestamp":"2026-01-15 15:40:40:4040"}
{"error":"[GoogleGenerativeAI Error]: Error fetching from https://generativelanguage.googleapis.com/v1beta/models/gemini-pro:generateContent: [404 Not Found] models/gemini-pro is not found for API version v1beta, or is not supported for generateContent. Call ListModels to see the list of available models and their supported methods.","level":"\u001b[31merror\u001b[39m","message":"\u001b[31mFailed to generate career recommendations\u001b[39m","timestamp":"2026-01-15 15:42:33:4233"}
{"error":"[GoogleGenerativeAI Error]: Error fetching from https://generativelanguage.googleapis.com/v1beta/models/gemini-pro:generateContent: [404 Not Found] models/gemini-pro is not found for API version v1beta, or is not supported for generateContent. Call ListModels to see the list of available models and their supported methods.","level":"\u001b[31merror\u001b[39m","message":"\u001b[31mFailed to generate career recommendations\u001b[39m","timestamp":"2026-01-15 15:42:33:4233"}
{"error":"[GoogleGenerativeAI Error]: Error fetching from https://generativelanguage.googleapis.com/v1beta/models/gemini-pro:generateContent: [404 Not Found] models/gemini-pro is not found for API version v1beta, or is not supported for generateContent. Call ListModels to see the list of available models and their supported methods.","level":"\u001b[31merror\u001b[39m","message":"\u001b[31mFailed to generate career recommendations\u001b[39m","timestamp":"2026-01-15 15:46:26:4626"}
{"error":"[GoogleGenerativeAI Error]: Error fetching from https://generativelanguage.googleapis.com/v1beta/models/gemini-pro:generateContent: [404 Not Found] models/gemini-pro is not found for API version v1beta, or is not supported for generateContent. Call ListModels to see the list of available models and their supported methods.","level":"\u001b[31merror\u001b[39m","message":"\u001b[31mFailed to generate career recommendations\u001b[39m","timestamp":"2026-01-15 15:46:26:4626"}
{"domain":"Data Science","error":"[GoogleGenerativeAI Error]: Error fetching from https://generativelanguage.googleapis.com/v1beta/models/gemini-pro:generateContent: [404 Not Found] models/gemini-pro is not found for API version v1beta, or is not supported for generateContent. Call ListModels to see the list of available models and their supported methods.","level":"\u001b[31merror\u001b[39m","message":"\u001b[31mFailed to generate learning roadmap\u001b[39m","timestamp":"2026-01-15 15:46:28:4628"}
{"error":"[GoogleGenerativeAI Error]: Error fetching from https://generativelanguage.googleapis.com/v1beta/models/gemini-pro:generateContent: [404 Not Found] models/gemini-pro is not found for API version v1beta, or is not supported for generateContent. Call ListModels to see the list of available models and their supported methods.","level":"\u001b[31merror\u001b[39m","message":"\u001b[31mFailed to generate career recommendations\u001b[39m","timestamp":"2026-01-15 15:47:38:4738"}
{"error":"[GoogleGenerativeAI Error]: Error fetching from https://generativelanguage.googleapis.com/v1beta/models/gemini-pro:generateContent: [404 Not Found] models/gemini-pro is not found for API version v1beta, or is not supported for generateContent. Call ListModels to see the list of available models and their supported methods.","level":"\u001b[31merror\u001b[39m","message":"\u001b[31mFailed to generate career recommendations\u001b[39m","timestamp":"2026-01-15 15:47:39:4739"}
{"domain":"Software Development","error":"[GoogleGenerativeAI Error]: Error fetching from https://generativelanguage.googleapis.com/v1beta/models/gemini-pro:generateContent: [404 Not Found] models/gemini-pro is not found for API version v1beta, or is not supported for generateContent. Call ListModels to see the list of available models and their supported methods.","level":"\u001b[31merror\u001b[39m","message":"\u001b[31mFailed to generate learning roadmap\u001b[39m","timestamp":"2026-01-15 15:47:42:4742"}
{"error":"[GoogleGenerativeAI Error]: Error fetching from https://generativelanguage.googleapis.com/v1beta/models/gemini-pro:generateContent: [404 Not Found] models/gemini-pro is not found for API version v1beta, or is not supported for generateContent. Call ListModels to see the list of available models and their supported methods.","level":"\u001b[31merror\u001b[39m","message":"\u001b[31mFailed to generate career recommendations\u001b[39m","timestamp":"2026-01-15 15:48:31:4831"}
{"error":"[GoogleGenerativeAI Error]: Error fetching from https://generativelanguage.googleapis.com/v1beta/models/gemini-pro:generateContent: [404 Not Found] models/gemini-pro is not found for API version v1beta, or is not supported for generateContent. Call ListModels to see the list of available models and their supported methods.","level":"\u001b[31merror\u001b[39m","message":"\u001b[31mFailed to generate career recommendations\u001b[39m","timestamp":"2026-01-15 15:48:31:4831"}
{"error":"[GoogleGenerativeAI Error]: Error fetching from https://generativelanguage.googleapis.com/v1beta/models/gemini-pro:generateContent: [404 Not Found] models/gemini-pro is not found for API version v1beta, or is not supported for generateContent. Call ListModels to see the list of available models and their supported methods.","level":"\u001b[31merror\u001b[39m","message":"\u001b[31mFailed to generate career recommendations\u001b[39m","timestamp":"2026-01-15 15:50:02:502"}
{"error":"[GoogleGenerativeAI Error]: Error fetching from https://generativelanguage.googleapis.com/v1beta/models/gemini-pro:generateContent: [404 Not Found] models/gemini-pro is not found for API version v1beta, or is not supported for generateContent. Call ListModels to see the list of available models and their supported methods.","level":"\u001b[31merror\u001b[39m","message":"\u001b[31mFailed to generate career recommendations\u001b[39m","timestamp":"2026-01-15 15:50:02:502"}
{"error":"[GoogleGenerativeAI Error]: Error fetching from https://generativelanguage.googleapis.com/v1beta/models/gemini-pro:generateContent: [404 Not Found] models/gemini-pro is not found for API version v1beta, or is not supported for generateContent. Call ListModels to see the list of available models and their supported methods.","level":"\u001b[31merror\u001b[39m","message":"\u001b[31mFailed to generate career recommendations\u001b[39m","timestamp":"2026-01-15 15:50:07:507"}
{"error":"[GoogleGenerativeAI Error]: Error fetching from https://generativelanguage.googleapis.com/v1beta/models/gemini-pro:generateContent: [404 Not Found] models/gemini-pro is not found for API version v1beta, or is not supported for generateContent. Call ListModels to see the list of available models and their supported methods.","level":"\u001b[31merror\u001b[39m","message":"\u001b[31mFailed to generate career recommendations\u001b[39m","timestamp":"2026-01-15 15:50:07:507"}
{"error":"No matching document found for id \"69676aacfc466bcc82db372a\" version 11 modifiedPaths \"security, security.refreshTokens\"","level":"\u001b[31merror\u001b[39m","message":"\u001b[31mToken refresh failed\u001b[39m","timestamp":"2026-01-15 15:58:18:5818"}
{"error":"[GoogleGenerativeAI Error]: Error fetching from https://generativelanguage.googleapis.com/v1beta/models/gemini-pro:generateContent: [404 Not Found] models/gemini-pro is not found for API version v1beta, or is not supported for generateContent. Call ListModels to see the list of available models and their supported methods.","level":"\u001b[31merror\u001b[39m","message":"\u001b[31mFailed to generate career recommendations\u001b[39m","timestamp":"2026-01-15 15:58:26:5826"}
{"error":"[GoogleGenerativeAI Error]: Error fetching from https://generativelanguage.googleapis.com/v1beta/models/gemini-pro:generateContent: [404 Not Found] models/gemini-pro is not found for API version v1beta, or is not supported for generateContent. Call ListModels to see the list of available models and their supported methods.","level":"\u001b[31merror\u001b[39m","message":"\u001b[31mFailed to generate career recommendations\u001b[39m","timestamp":"2026-01-15 15:58:26:5826"}
{"error":"[GoogleGenerativeAI Error]: Error fetching from https://generativelanguage.googleapis.com/v1beta/models/gemini-pro:generateContent: [404 Not Found] models/gemini-pro is not found for API version v1beta, or is not supported for generateContent. Call ListModels to see the list of available models and their supported methods.","level":"\u001b[31merror\u001b[39m","message":"\u001b[31mFailed to generate career recommendations\u001b[39m","timestamp":"2026-01-15 15:59:04:594"}
{"error":"[GoogleGenerativeAI Error]: Error fetching from https://generativelanguage.googleapis.com/v1beta/models/gemini-pro:generateContent: [404 Not Found] models/gemini-pro is not found for API version v1beta, or is not supported for generateContent. Call ListModels to see the list of available models and their supported methods.","level":"\u001b[31merror\u001b[39m","message":"\u001b[31mFailed to generate career recommendations\u001b[39m","timestamp":"2026-01-15 15:59:04:594"}
